Workbook
Name \0: #REF!
Name \a: #REF!
Name \b: #REF!
Name \c: #REF!
Name \d: #REF!
Name \e: #REF!
Name \f: #N/A
Name \g: #N/A
Name \h: #N/A
Name \i: #N/A
Name \j: #N/A
Name \k: #N/A
Name \l: #REF!
Name \n: #REF!
Name \o: #N/A
Name \p: #REF!
Name \r: #N/A
Name \s: #REF!
Name \t: #REF!
Name \u: #REF!
Name \w: #REF!
Name \x: #REF!
Name \y: #REF!
Name \z: #N/A
Name __1CTLマクロ_.NitteiSave_終了: #REF!
Name __2CTLマクロ_.Scroll_L: #REF!
Name __3CTLマクロ_.Scroll_LBK: #REF!
Name __4CTLマクロ_.ScrollForm: #REF!
Name __5CTLマクロ_.日程表_Copy: #REF!
Name __g01: #REF!,#REF!
Name __g02: #REF!,#REF!
Name __g03: #REF!,#REF!
Name __g04: #REF!,#REF!
Name __g05: #REF!,#REF!
Name __g06: #REF!,#REF!
Name __g07: #REF!,#REF!
Name __g08: #REF!,#REF!
Name __g09: #REF!,#REF!
Name __g10: #REF!,#REF!
Name __g11: #REF!,#REF!,#REF!
Name __g12: #REF!,#REF!
Name __g13: #REF!,#REF!
Name __g14: #REF!,#REF!
Name __m01: #REF!,#REF!
Name __m02: #REF!,#REF!
Name __m03: #REF!,#REF!
Name __m04: #REF!,#REF!
Name __m05: #REF!,#REF!
Name __m06: #REF!,#REF!
Name __m07: #REF!,#REF!
Name __m08: #REF!,#REF!
Name __m09: #REF!,#REF!
Name __m10: #REF!,#REF!
Name __m11: #REF!,#REF!
Name __m12: #REF!,#REF!
Name __m13: #REF!,#REF!
Name __m14: #REF!,#REF!
Name __m15: #REF!,#REF!
Name __m16: #REF!,#REF!
Name __Oct99: #REF!

Sheet LCM
A1: Lower of Cost or Market Analysis | K1: March 31, 2022
A4: FG | J4: Total LCA Amount | K4: =SUM(K6:K1078) -> #REF!
B5: Back # | C5: Parts # | D5: Material Cost | E5: Process Cost | F5: Total Cost | H5: Sales Price | I5: OK or NG | J5: Ending QTY | K5: LCA
B6: 030-05 | C6: 79030-0K010-E1 | D6: =VLOOKUP(B6,FG!$A$5:$H$1158,12,FALSE) -> #REF! | E6: =IF(J6<=0,0,VLOOKUP(B6,FG!$A$5:$H$1158,24,FALSE)) -> 0 | F6: =+SUM(D6:E6) -> #REF! | H6: 0 | I6: =+IF(F6<=0,"",IF(AND(F6>0,F6>H6),"NG","")) -> #REF! | J6: =IF(ISERROR(SUMIF(FG!A:A,LCM!B6,FG!#REF!)),0,SUMIF(FG!A:A,LCM!B6,FG!#REF!)) -> 0 | K6: =IF(I6="NG",(F6-H6)*J6,0) -> #REF!
B7: 030-06 | C7: 79040-0K010-E1 | D7: =VLOOKUP(B7,FG!$A$5:$H$1158,12,FALSE) -> #REF! | E7: =IF(J7<=0,0,VLOOKUP(B7,FG!$A$5:$H$1158,24,FALSE)) -> 0 | F7: =+SUM(D7:E7) -> #REF! | H7: 0 | I7: =+IF(F7<=0,"",IF(AND(F7>0,F7>H7),"NG","")) -> #REF! | J7: =IF(ISERROR(SUMIF(FG!A:A,LCM!B7,FG!#REF!)),0,SUMIF(FG!A:A,LCM!B7,FG!#REF!)) -> 0 | K7: =IF(I7="NG",(F7-H7)*J7,0) -> #REF!
B8: 030-07 | C8: 79030-0K010-E0 | D8: =VLOOKUP(B8,FG!$A$5:$H$1158,12,FALSE) -> #REF! | E8: =IF(J8<=0,0,VLOOKUP(B8,FG!$A$5:$H$1158,24,FALSE)) -> 0 | F8: =+SUM(D8:E8) -> #REF! | H8: 0 | I8: =+IF(F8<=0,"",IF(AND(F8>0,F8>H8),"NG","")) -> #REF! | J8: =IF(ISERROR(SUMIF(FG!A:A,LCM!B8,FG!#REF!)),0,SUMIF(FG!A:A,LCM!B8,FG!#REF!)) -> 0 | K8: =IF(I8="NG",(F8-H8)*J8,0) -> #REF!
B9: 030-08 | C9: 79040-0K010-E0 | D9: =VLOOKUP(B9,FG!$A$5:$H$1158,12,FALSE) -> #REF! | E9: =IF(J9<=0,0,VLOOKUP(B9,FG!$A$5:$H$1158,24,FALSE)) -> 0 | F9: =+SUM(D9:E9) -> #REF! | H9: 0 | I9: =+IF(F9<=0,"",IF(AND(F9>0,F9>H9),"NG","")) -> #REF! | J9: =IF(ISERROR(SUMIF(FG!A:A,LCM!B9,FG!#REF!)),0,SUMIF(FG!A:A,LCM!B9,FG!#REF!)) -> 0 | K9: =IF(I9="NG",(F9-H9)*J9,0) -> #REF!
B10: 150-13 | C10: 72503-X7A01 | D10: =VLOOKUP(B10,FG!$A$5:$H$1158,12,FALSE) -> #REF! | E10: =IF(J10<=0,0,VLOOKUP(B10,FG!$A$5:$H$1158,24,FALSE)) -> 0 | F10: =+SUM(D10:E10) -> #REF! | H10: 0 | I10: =+IF(F10<=0,"",IF(AND(F10>0,F10>H10),"NG","")) -> #REF! | J10: =IF(ISERROR(SUMIF(FG!A:A,LCM!B10,FG!#REF!)),0,SUMIF(FG!A:A,LCM!B10,FG!#REF!)) -> 0 | K10: =IF(I10="NG",(F10-H10)*J10,0) -> #REF!
B11: 150-14 | C11: 72504-X7A01 | D11: =VLOOKUP(B11,FG!$A$5:$H$1158,12,FALSE) -> #REF! | E11: =IF(J11<=0,0,VLOOKUP(B11,FG!$A$5:$H$1158,24,FALSE)) -> 0 | F11: =+SUM(D11:E11) -> #REF! | H11: 136.28 | I11: =+IF(F11<=0,"",IF(AND(F11>0,F11>H11),"NG","")) -> #REF! | J11: =IF(ISERROR(SUMIF(FG!A:A,LCM!B11,FG!#REF!)),0,SUMIF(FG!A:A,LCM!B11,FG!#REF!)) -> 0 | K11: =IF(I11="NG",(F11-H11)*J11,0) -> #REF!
B12: 150-15 | C12: 72503-X7A02 | D12: =VLOOKUP(B12,FG!$A$5:$H$1158,12,FALSE) -> #REF! | E12: =IF(J12<=0,0,VLOOKUP(B12,FG!$A$5:$H$1158,24,FALSE)) -> 0 | F12: =+SUM(D12:E12) -> #REF! | H12: 0 | I12: =+IF(F12<=0,"",IF(AND(F12>0,F12>H12),"NG","")) -> #REF! | J12: =IF(ISERROR(SUMIF(FG!A:A,LCM!B12,FG!#REF!)),0,SUMIF(FG!A:A,LCM!B12,FG!#REF!)) -> 0 | K12: =IF(I12="NG",(F12-H12)*J12,0) -> #REF!
B13: 150-16 | C13: 72504-X1F05 | D13: =VLOOKUP(B13,FG!$A$5:$H$1158,12,FALSE) -> #REF! | E13: =IF(J13<=0,0,VLOOKUP(B13,FG!$A$5:$H$1158,24,FALSE)) -> 0 | F13: =+SUM(D13:E13) -> #REF! | H13: 0 | I13: =+IF(F13<=0,"",IF(AND(F13>0,F13>H13),"NG","")) -> #REF! | J13: =IF(ISERROR(SUMIF(FG!A:A,LCM!B13,FG!#REF!)),0,SUMIF(FG!A:A,LCM!B13,FG!#REF!)) -> 0 | K13: =IF(I13="NG",(F13-H13)*J13,0) -> #REF!
B14: 152-01 | C14: 72503-X1F00 | D14: =VLOOKUP(B14,FG!$A$5:$H$1158,12,FALSE) -> #REF! | E14: =IF(J14<=0,0,VLOOKUP(B14,FG!$A$5:$H$1158,24,FALSE)) -> 0 | F14: =+SUM(D14:E14) -> #REF! | H14: 0 | I14: =+IF(F14<=0,"",IF(AND(F14>0,F14>H14),"NG","")) -> #REF! | J14: =IF(ISERROR(SUMIF(FG!A:A,LCM!B14,FG!#REF!)),0,SUMIF(FG!A:A,LCM!B14,FG!#REF!)) -> 0 | K14: =IF(I14="NG",(F14-H14)*J14,0) -> #REF!
B15: 152-02 | C15: 72504-X1F00 | D15: =VLOOKUP(B15,FG!$A$5:$H$1158,12,FALSE) -> #REF! | E15: =IF(J15<=0,0,VLOOKUP(B15,FG!$A$5:$H$1158,24,FALSE)) -> 0 | F15: =+SUM(D15:E15) -> #REF! | H15: 0 | I15: =+IF(F15<=0,"",IF(AND(F15>0,F15>H15),"NG","")) -> #REF! | J15: =IF(ISERROR(SUMIF(FG!A:A,LCM!B15,FG!#REF!)),0,SUMIF(FG!A:A,LCM!B15,FG!#REF!)) -> 0 | K15: =IF(I15="NG",(F15-H15)*J15,0) -> #REF!
B16: 152-03 | C16: 72503-X1F01 | D16: =VLOOKUP(B16,FG!$A$5:$H$1158,12,FALSE) -> #REF! | E16: =IF(J16<=0,0,VLOOKUP(B16,FG!$A$5:$H$1158,24,FALSE)) -> 0 | F16: =+SUM(D16:E16) -> #REF! | H16: 0 | I16: =+IF(F16<=0,"",IF(AND(F16>0,F16>H16),"NG","")) -> #REF! | J16: =IF(ISERROR(SUMIF(FG!A:A,LCM!B16,FG!#REF!)),0,SUMIF(FG!A:A,LCM!B16,FG!#REF!)) -> 0 | K16: =IF(I16="NG",(F16-H16)*J16,0) -> #REF!
B17: 152-04 | C17: 72504-X1F01 | D17: =VLOOKUP(B17,FG!$A$5:$H$1158,12,FALSE) -> #REF! | E17: =IF(J17<=0,0,VLOOKUP(B17,FG!$A$5:$H$1158,24,FALSE)) -> 0 | F17: =+SUM(D17:E17) -> #REF! | H17: 0 | I17: =+IF(F17<=0,"",IF(AND(F17>0,F17>H17),"NG","")) -> #REF! | J17: =IF(ISERROR(SUMIF(FG!A:A,LCM!B17,FG!#REF!)),0,SUMIF(FG!A:A,LCM!B17,FG!#REF!)) -> 0 | K17: =IF(I17="NG",(F17-H17)*J17,0) -> #REF!
... B1100: IFR-40 | C1100: 71103-X7V87 | D1100: =VLOOKUP(B1100,FG!$A$5:$H$1158,12,FALSE) -> #N/A | E1100: =IF(J1100<=0,0,VLOOKUP(B1100,FG!$A$5:$H$1158,24,FALSE)) -> 0 | F1100: =+SUM(D1100:E1100) -> #N/A | H1100: 322.85 | I1100: =+IF(F1100<=0,"",IF(AND(F1100>0,F1100>H1100),"NG","")) -> #N/A | J1100: =IF(ISERROR(SUMIF(FG!A:A,LCM!B1100,FG!#REF!)),0,SUMIF(FG!A:A,LCM!B1100,FG!#REF!)) -> 0 | K1100: =IF(I1100="NG",(F1100-H1100)*J1100,0) -> #N/A

Sheet BOM_FG
A1: Finish Goods(Part แม่) | C1: Raw Material(Part ลูก) | E1: Usage RM | F1: FG_Production | G1: RM_Used
A2: Finish Goods | B2: Parts_No. | C2: Back_No. | D2: Parts_No. | E2: Per Unit | F2: Q'ty | G2: Q'ty
A3: VD00-1 | B3: T05Z1B4100091 | C3: SAC008 | D3: U05B1S0720241 | E3: 1 | F3: 1 | G3: 1
A4: VD00-1 | B4: T05Z1B4100091 | C4: SAC007 | D4: U05B1S0720251 | E4: 1 | F4: 1 | G4: 1
A5: VD00-1 | B5: T05Z1B4100091 | C5: HYS048 | D5: U05B1S0720291 | E5: 1 | F5: 1 | G5: 1
A6: VD00-1 | B6: T05Z1B4100091 | C6: SAC006 | D6: U05B1S0720301 | E6: 1 | F6: 1 | G6: 1
A7: VD00-1 | B7: T05Z1B4100091 | C7: SNA005 | D7: U05Z1B4100301 | E7: 1 | F7: 1 | G7: 1
A8: VD00-1 | B8: T05Z1B4100091 | C8: SNA007 | D8: U05Z1B4100321 | E8: 1 | F8: 1 | G8: 1
A9: VD00-1 | B9: T05Z1B4100091 | C9: SNA008 | D9: U05Z1B4100331 | E9: 1 | F9: 1 | G9: 1
A10: VD00-1 | B10: T05Z1B4100091 | C10: SNA010 | D10: U05Z1B4100341 | E10: 1 | F10: 1 | G10: 1
A11: VD00-1 | B11: T05Z1B4100091 | C11: SNA011 | D11: U05Z1B4100351 | E11: 1 | F11: 1 | G11: 1
A12: VD00-1 | B12: T05Z1B4100091 | C12: SNA012 | D12: U05Z1B4100371 | E12: 1 | F12: 1 | G12: 1
A13: VD00-1 | B13: T05Z1B4100091 | C13: SNA013 | D13: U05Z1B4100421 | E13: 1 | F13: 1 | G13: 1
A14: VD00-1 | B14: T05Z1B4100091 | C14: ETT004 | D14: U05Z2B4100011 | E14: 1 | F14: 1 | G14: 1
... A319: TT8-12 | B319: 72120-X7V06 | C319: TTC770 | D319: 72205-X7V76 | E319: 1 | F319: 1 | G319: 1
A320: TT8-12 | B320: 72120-X7V06 | C320: TTC763 | D320: 72205-X7V50 | F320: 1 | G320: 0
A321: TT8-12 | B321: 72120-X7V06 | C321: KEN124 | D321: 72265-06040 | E321: 1 | F321: 1 | G321: 1
A322: TT8-12 | B322: 72120-X7V06 | C322: KEN120 | D322: 72284-X7V12 | E322: 2 | F322: 1 | G322: 2
A323: TT8-12 | B323: 72120-X7V06 | C323: KEN121 | D323: 72284-X7V13 | E323: 2 | F323: 1 | G323: 2
A324: TT8-12 | B324: 72120-X7V06 | C324: KEN122 | D324: 72284-X7V14 | E324: 2 | F324: 1 | G324: 2
A325: TT8-12 | B325: 72120-X7V06 | C325: KEN119 | D325: 72285-X7V04 | E325: 2 | F325: 1 | G325: 2
A326: TT8-12 | B326: 72120-X7V06 | C326: TFC017 | D326: 78157-X7V61 | E326: 0 | F326: 1 | G326: 0
A327: TT8-12 | B327: 72120-X7V06 | C327: TFC018 | D327: 78157-X7V62 | E327: 0 | F327: 1 | G327: 0
A328: TT8-12 | B328: 72120-X7V06 | C328: TFC019 | D328: 78157-X7V63 | E328: 0 | F328: 1 | G328: 0
A329: TT8-12 | B329: 72120-X7V06 | C329: TFC020 | D329: 78157-X7V64 | E329: 0 | F329: 1 | G329: 0
A330: TT8-12 | B330: 72120-X7V06 | C330: TFC021 | D330: 78157-X7V65 | E330: 0 | F330: 1 | G330: 0
A331: TT8-12 | B331: 72120-X7V06 | C331: TFC022 | D331: 78157-X7V66 | E331: 0 | F331: 1 | G331: 0
A332: TT8-12 | B332: 72120-X7V06 | C332: TFC023 | D332: 78157-X7V67 | E332: 0 | F332: 1 | G332: 0
... A364: TT8-10 | B364: 72130-X7V18 | C364: TTC771 | D364: 72205-X7V77 | E364: 1 | F364: 1 | G364: 1
A365: TT8-10 | B365: 72130-X7V18 | C365: TTC764 | D365: 72205-X7V51 | F365: 1 | G365: 0
A366: TT8-10 | B366: 72130-X7V18 | C366: TTC724 | D366: 72219-X7V03 | E366: 1 | F366: 1 | G366: 1
A367: TT8-10 | B367: 72130-X7V18 | C367: KEN124 | D367: 72265-06040 | E367: 1 | F367: 1 | G367: 1
A368: TT8-10 | B368: 72130-X7V18 | C368: TTC695 | D368: 72277-X7V01 | E368: 1 | F368: 1 | G368: 1
A369: TT8-10 | B369: 72130-X7V18 | C369: KEN120 | D369: 72284-X7V12 | E369: 2 | F369: 1 | G369: 2
A370: TT8-10 | B370: 72130-X7V18 | C370: KEN121 | D370: 72284-X7V13 | E370: 2 | F370: 1 | G370: 2
A371: TT8-10 | B371: 72130-X7V18 | C371: KEN122 | D371: 72284-X7V14 | E371: 2 | F371: 1 | G371: 2
A372: TT8-10 | B372: 72130-X7V18 | C372: KEN119 | D372: 72285-X7V04 | E372: 2 | F372: 1 | G372: 2
A373: TT8-10 | B373: 72130-X7V18 | C373: TFC017 | D373: 78157-X7V61 | E373: 0 | F373: 1 | G373: 0
A374: TT8-10 | B374: 72130-X7V18 | C374: TFC018 | D374: 78157-X7V62 | E374: 0 | F374: 1 | G374: 0
A375: TT8-10 | B375: 72130-X7V18 | C375: TFC019 | D375: 78157-X7V63 | E375: 0 | F375: 1 | G375: 0
A376: TT8-10 | B376: 72130-X7V18 | C376: TFC020 | D376: 78157-X7V64 | E376: 0 | F376: 1 | G376: 0
A377: TT8-10 | B377: 72130-X7V18 | C377: TFC021 | D377: 78157-X7V65 | E377: 0 | F377: 1 | G377: 0
... A494: TT8-11 | B494: 72130-X7V28 | C494: TTC771 | D494: 72205-X7V77 | E494: 1 | F494: 1 | G494: 1
A495: TT8-11 | B495: 72130-X7V28 | C495: TTC764 | D495: 72205-X7V51 | F495: 1 | G495: 0
A496: TT8-11 | B496: 72130-X7V28 | C496: TTC724 | D496: 72219-X7V03 | E496: 1 | F496: 1 | G496: 1
A497: TT8-11 | B497: 72130-X7V28 | C497: KEN124 | D497: 72265-06040 | E497: 1 | F497: 1 | G497: 1
A498: TT8-11 | B498: 72130-X7V28 | C498: TTC695 | D498: 72277-X7V01 | E498: 1 | F498: 1 | G498: 1
A499: TT8-11 | B499: 72130-X7V28 | C499: KEN120 | D499: 72284-X7V12 | E499: 2 | F499: 1 | G499: 2
A500: TT8-11 | B500: 72130-X7V28 | C500: KEN121 | D500: 72284-X7V13 | E500: 2 | F500: 1 | G500: 2
A501: TT8-11 | B501: 72130-X7V28 | C501: KEN122 | D501: 72284-X7V14 | E501: 2 | F501: 1 | G501: 2
A502: TT8-11 | B502: 72130-X7V28 | C502: KEN119 | D502: 72285-X7V04 | E502: 2 | F502: 1 | G502: 2
A503: TT8-11 | B503: 72130-X7V28 | C503: TFC017 | D503: 78157-X7V61 | E503: 0 | F503: 1 | G503: 0
A504: TT8-11 | B504: 72130-X7V28 | C504: TFC018 | D504: 78157-X7V62 | E504: 0 | F504: 1 | G504: 0
A505: TT8-11 | B505: 72130-X7V28 | C505: TFC019 | D505: 78157-X7V63 | E505: 0 | F505: 1 | G505: 0
A506: TT8-11 | B506: 72130-X7V28 | C506: TFC020 | D506: 78157-X7V64 | E506: 0 | F506: 1 | G506: 0
A507: TT8-11 | B507: 72130-X7V28 | C507: TFC021 | D507: 78157-X7V65 | E507: 0 | F507: 1 | G507: 0
... A542: TT8-07 | B542: 72140-X7V17 | C542: TTC770 | D542: 72205-X7V76 | E542: 1 | F542: 1 | G542: 1
A543: TT8-07 | B543: 72140-X7V17 | C543: TTC763 | D543: 72205-X7V50 | F543: 1 | G543: 0
A544: TT8-07 | B544: 72140-X7V17 | C544: TTC724 | D544: 72219-X7V03 | E544: 1 | F544: 1 | G544: 1
A545: TT8-07 | B545: 72140-X7V17 | C545: KEN124 | D545: 72265-06040 | E545: 1 | F545: 1 | G545: 1
A546: TT8-07 | B546: 72140-X7V17 | C546: TTC695 | D546: 72277-X7V01 | E546: 1 | F546: 1 | G546: 1
A547: TT8-07 | B547: 72140-X7V17 | C547: KEN120 | D547: 72284-X7V12 | E547: 2 | F547: 1 | G547: 2
A548: TT8-07 | B548: 72140-X7V17 | C548: KEN121 | D548: 72284-X7V13 | E548: 2 | F548: 1 | G548: 2
A549: TT8-07 | B549: 72140-X7V17 | C549: KEN122 | D549: 72284-X7V14 | E549: 2 | F549: 1 | G549: 2
A550: TT8-07 | B550: 72140-X7V17 | C550: KEN119 | D550: 72285-X7V04 | E550: 2 | F550: 1 | G550: 2
A551: TT8-07 | B551: 72140-X7V17 | C551: TFC017 | D551: 78157-X7V61 | E551: 0 | F551: 1 | G551: 0
A552: TT8-07 | B552: 72140-X7V17 | C552: TFC018 | D552: 78157-X7V62 | E552: 0 | F552: 1 | G552: 0
A553: TT8-07 | B553: 72140-X7V17 | C553: TFC019 | D553: 78157-X7V63 | E553: 0 | F553: 1 | G553: 0
A554: TT8-07 | B554: 72140-X7V17 | C554: TFC020 | D554: 78157-X7V64 | E554: 0 | F554: 1 | G554: 0
A555: TT8-07 | B555: 72140-X7V17 | C555: TFC021 | D555: 78157-X7V65 | E555: 0 | F555: 1 | G555: 0
... A672: TT8-09 | B672: 72140-X7V27 | C672: TTC770 | D672: 72205-X7V76 | E672: 1 | F672: 1 | G672: 1
A673: TT8-09 | B673: 72140-X7V27 | C673: TTC763 | D673: 72205-X7V50 | F673: 1 | G673: 0
A674: TT8-09 | B674: 72140-X7V27 | C674: TTC724 | D674: 72219-X7V03 | E674: 1 | F674: 1 | G674: 1
A675: TT8-09 | B675: 72140-X7V27 | C675: KEN124 | D675: 72265-06040 | E675: 1 | F675: 1 | G675: 1
A676: TT8-09 | B676: 72140-X7V27 | C676: TTC695 | D676: 72277-X7V01 | E676: 1 | F676: 1 | G676: 1
A677: TT8-09 | B677: 72140-X7V27 | C677: KEN120 | D677: 72284-X7V12 | E677: 2 | F677: 1 | G677: 2
A678: TT8-09 | B678: 72140-X7V27 | C678: KEN121 | D678: 72284-X7V13 | E678: 2 | F678: 1 | G678: 2
A679: TT8-09 | B679: 72140-X7V27 | C679: KEN122 | D679: 72284-X7V14 | E679: 2 | F679: 1 | G679: 2
A680: TT8-09 | B680: 72140-X7V27 | C680: KEN119 | D680: 72285-X7V04 | E680: 2 | F680: 1 | G680: 2
A681: TT8-09 | B681: 72140-X7V27 | C681: TFC017 | D681: 78157-X7V61 | E681: 0 | F681: 1 | G681: 0
A682: TT8-09 | B682: 72140-X7V27 | C682: TFC018 | D682: 78157-X7V62 | E682: 0 | F682: 1 | G682: 0
A683: TT8-09 | B683: 72140-X7V27 | C683: TFC019 | D683: 78157-X7V63 | E683: 0 | F683: 1 | G683: 0
A684: TT8-09 | B684: 72140-X7V27 | C684: TFC020 | D684: 78157-X7V64 | E684: 0 | F684: 1 | G684: 0
A685: TT8-09 | B685: 72140-X7V27 | C685: TFC021 | D685: 78157-X7V65 | E685: 0 | F685: 1 | G685: 0
... A9546: AC0-02 | B9546: 79904-0K020 | C9546: SUN002 | D9546: SUNS-484P | E9546: 0.0035 | F9546: 1 | G9546: 0.0035
A9547: N32-18 | B9547: 72523-X1M06-CN | C9547: PTP002 | D9547: PLASBAG-RRC | F9547: 1 | G9547: 0
A9548: N32-18 | B9548: 72523-X1M06-CN | C9548: SCC003 | D9548: SCP-KA125 | F9548: 1 | G9548: 0
A9549: N32-18 | B9549: 72523-X1M06-CN | C9549: HAN033 | D9549: SPH44-4384 | E9549: 0.255 | F9549: 1 | G9549: 0.255
A9550: N32-18 | B9550: 72523-X1M06-CN | C9550: SUN003 | D9550: SUNFB-688P | E9550: 0.001 | F9550: 1 | G9550: 0.001
A9551: N32-18 | B9551: 72523-X1M06-CN | C9551: TTC405 | D9551: UN007 | F9551: 1 | G9551: 0
A9552: N32-18 | B9552: 72523-X1M06-CN | C9552: ZST001 | D9552: ZFS265-40008 | F9552: 1 | G9552: 0
A9553: N32-02 | B9553: 72531-X1C02-CN | C9553: PTP002 | D9553: PLASBAG-RRC | F9553: 1 | G9553: 0
A9554: N32-02 | B9554: 72531-X1C02-CN | C9554: HAN034 | D9554: S28CBA-4376 | E9554: 0.216 | F9554: 1 | G9554: 0.216
A9555: N32-02 | B9555: 72531-X1C02-CN | C9555: SCC003 | D9555: SCP-KA125 | F9555: 1 | G9555: 0
A9556: N32-02 | B9556: 72531-X1C02-CN | C9556: SUN003 | D9556: SUNFB-688P | E9556: 0.001 | F9556: 1 | G9556: 0.001
A9557: N32-02 | B9557: 72531-X1C02-CN | C9557: TTC405 | D9557: UN007 | F9557: 1 | G9557: 0
A9558: N32-02 | B9558: 72531-X1C02-CN | C9558: ZST001 | D9558: ZFS265-40008 | F9558: 1 | G9558: 0
A9559: DTT001 | B9559: 72533-X1Y02-CN | C9559: DTT001 | D9559: 72533-X1Y02 | E9559: 1 | F9559: 1 | G9559: 1
A9560: DTT001 | B9560: 72533-X1Y02-CN | C9560: PTP002 | D9560: PLASBAG-RRC | F9560: 1 | G9560: 0
A9561: DTT001 | B9561: 72533-X1Y02-CN | C9561: SCC003 | D9561: SCP-KA125 | F9561: 1 | G9561: 0
...

Sheet BOM_Sub Assy
A1: Sub Assy(Part ลูก) | C1: Raw Material(Partหลาน) | E1: Usage RM | F1: WIP_Sub Assy | G1: RM_Used
A2: SD_No. | B2: Parts_No. | C2: Back_No. | D2: Parts_No. | E2: Per Unit | F2: Q'ty | G2: Q'ty
A3: AG9-01 | B3: 72505-X7A00 | C3: AP1-10 | D3: 72523-X7A00 | E3: 1 | F3: 1 | G3: 1
A4: AG9-01 | B4: 72505-X7A00 | C4: AOY003 | D4: 90174-T0004 | E4: 2 | F4: 1 | G4: 2
A5: AG9-02 | B5: 72505-X7A00 | C5: AP1-11 | D5: 72524-X7A00 | E5: 1 | F5: 1 | G5: 1
A6: AG9-02 | B6: 72505-X7A00 | C6: AOY003 | D6: 90174-T0004 | E6: 2 | F6: 1 | G6: 2
A7: AG9-03 | B7: 72507-X7A00 | C7: AP1-10 | D7: 72523-X7A00 | E7: 1 | F7: 1 | G7: 1
A8: AG9-03 | B8: 72507-X7A00 | C8: AOY003 | D8: 90174-T0004 | E8: 2 | F8: 1 | G8: 2
A9: AG9-03 | B9: 72507-X7A00 | C9: TTC506 | D9: 72548-X7A00 | E9: 1 | F9: 1 | G9: 1
A10: AG9-04 | B10: 72508-X7A00 | C10: AP1-11 | D10: 72524-X7A00 | E10: 1 | F10: 1 | G10: 1
A11: AG9-04 | B11: 72508-X7A00 | C11: AOY003 | D11: 90174-T0004 | E11: 2 | F11: 1 | G11: 2
A12: AG9-04 | B12: 72508-X7A00 | C12: TTC506 | D12: 72548-X7A00 | E12: 1 | F12: 1 | G12: 1
A13: AR0-01 | B13: 72510-X1M15-B | C13: HAN032 | D13: SPH27-14190 | E13: 0.105 | F13: 1 | G13: 0.105
A14: AR0-01 | B14: 72510-X1M15-B | C14: HAN033 | D14: SPH44-4388 | E14: 0.255 | F14: 1 | G14: 0.255
... A839: CTA-S7 | B839: - | C839: TTC672 | D839: 72226-X1405 | E839: 1 | F839: 1 | G839: 1
A840: EA-S1 | C840: SOB255 | D840: 72446-X1B00 | E840: 1 | F840: 1 | G840: 1
A841: EA-S1 | C841: MIT153 | D841: 72448-X1B01 | E841: 1 | F841: 1 | G841: 1
A842: EA-S1 | C842: OIL001 | D842: 72478-X1B02 | E842: 1 | F842: 1 | G842: 1
A843: EA-S2 | C843: SOB255 | D843: 72446-X1B00 | E843: 1 | F843: 1 | G843: 1
A844: EA-S2 | C844: MIT153 | D844: 72448-X1B01 | E844: 1 | F844: 1 | G844: 1
A845: EA-S2 | C845: OIL001 | D845: 72478-X1B02 | E845: 1 | F845: 1 | G845: 1
A846: EA-S3 | C846: MIT153 | D846: 72448-X1B01 | E846: 1 | F846: 1 | G846: 1
A847: EA-S3 | C847: MIY017 | D847: 72443-X7A03 | E847: 1 | F847: 1 | G847: 1
A848: EA-S3 | C848: OIL002 | D848: 72478-X1B03 | E848: 1 | F848: 1 | G848: 1
A849: EA-S4 | C849: MIT153 | D849: 72448-X1B01 | E849: 1 | F849: 1 | G849: 1
A850: EA-S4 | C850: MIY017 | D850: 72443-X7A03 | E850: 1 | F850: 1 | G850: 1
A851: EA-S4 | C851: OIL002 | D851: 72478-X1B03 | E851: 1 | F851: 1 | G851: 1
... A901: OT-S10 | C901: ETT001 | D901: 72468-X1B02 | E901: 2 | F901: 1 | G901: 2
A902: OT-S1 | B902: 72101-X1711 | C902: MIT170 | D902: 72149-X1V09 | E902: 1 | F902: 1 | G902: 1
A903: OT-S1 | B903: 72101-X1711 | C903: OTP-03 | D903: 72141-X1704 | E903: 1 | F903: 1 | G903: 1
A904: OT-S2 | B904: 72101-X1713 | C904: MIT170 | D904: 72149-X1V09 | E904: 1 | F904: 1 | G904: 1
A905: OT-S2 | B905: 72101-X1713 | C905: OTP-04 | D905: 72142-X1705 | E905: 1 | F905: 1 | G905: 1
A906: OT-S3 | B906: 72102-X1709 | C906: MIT170 | D906: 72149-X1V09 | E906: 1 | F906: 1 | G906: 1
A907: OT-S3 | B907: 72102-X1709 | C907: OTP-01 | D907: 72145-X1706 | E907: 1 | F907: 1 | G907: 1
A908: OT-S4 | B908: 72102-X1710 | C908: MIT170 | D908: 72149-X1V09 | E908: 1 | F908: 1 | G908: 1
A909: OT-S4 | B909: 72102-X1710 | C909: OTP-02 | D909: 72146-X1704 | E909: 1 | F909: 1 | G909: 1
A910: A8S01-I | B910: A8S01-IMV | C910: SOB254 | D910: 72441-X1C02 | E910: 1 | F910: 1 | G910: 1
A911: A8S01-I | B911: A8S01-IMV | C911: MIT158 | D911: 72469-X1C00 | E911: 1 | F911: 1 | G911: 1
A912: A8S01-I | B912: A8S01-IMV | C912: MIT159 | D912: 72469-X1C01 | E912: 1 | F912: 1 | G912: 1
A913: A8S01-I | B913: A8S01-IMV | C913: SOB253 | D913: 72441-X1C01 | E913: 1 | F913: 1 | G913: 1
... A978: IT-S3 | B978: 72104-X7A07 | C978: MIT166 | D978: 72468-X1B00 | E978: 2 | F978: 1 | G978: 2
A979: TG-S5 | C979: KEN102 | D979: 72411-X1B00 | E979: 1 | F979: 1 | G979: 1
A980: TG-S5 | C980: TFC005 | D980: 89962-X1064 | E980: 3 | F980: 1 | G980: 3
A981: TG-S6 | C981: KEN102 | D981: 72411-X1B00 | E981: 1 | F981: 1 | G981: 1
A982: TG-S6 | C982: TFC006 | D982: 89962-X1065 | E982: 3 | F982: 1 | G982: 3
A983: TG-S7 | C983: KEN102 | D983: 72411-X1B00 | E983: 1 | F983: 1 | G983: 1
A984: TG-S7 | C984: TFC007 | D984: 89962-X1066 | E984: 3 | F984: 1 | G984: 3
A985: TG-S8 | C985: KEN102 | D985: 72411-X1B00 | E985: 1 | F985: 1 | G985: 1
A986: TG-S8 | C986: TFC008 | D986: 89962-X1067 | E986: 3 | F986: 1 | G986: 3
A987: TLS-01 | B987: 73011-X1400 | C987: CTP-37 | D987: 73191-X1404 | E987: 1 | F987: 1 | G987: 1
A988: TLS-01 | B988: 73011-X1400 | C988: MIT168 | D988: 89911-X1B03 | E988: 1 | F988: 1 | G988: 1
A989: TLS-01 | B989: 73011-X1400 | C989: AOY002 | D989: 94223-80800 | E989: 2 | F989: 1 | G989: 2
A990: TLS-02 | B990: 73012-X1400 | C990: CTP-36 | D990: 73192-X1403 | E990: 1 | F990: 1 | G990: 1
A991: TLS-02 | B991: 73012-X1400 | C991: MIT168 | D991: 89911-X1B03 | E991: 1 | F991: 1 | G991: 1
A992: TLS-02 | B992: 73012-X1400 | C992: AOY002 | D992: 94223-80800 | E992: 2 | F992: 1 | G992: 2
A993: TLS03-C | B993: 72106-X1414-CAM | C993: CTP-33 | D993: 72131-X1404 | E993: 1 | F993: 1 | G993: 1
A994: TLS03-C | B994: 72106-X1414-CAM | C994: AOY003 | D994: 94223-81000 | E994: 1 | F994: 1 | G994: 1
A995: TLS03-C | B995: 72106-X1414-CAM | C995: AOY002 | D995: 94223-80800 | E995: 1 | F995: 1 | G995: 1
A996: TLS04-C | B996: 72108-X1421-CAM | C996: CTP-34 | D996: 72132-X1403 | E996: 1 | F996: 1 | G996: 1
A997: TLS04-C | B997: 72108-X1421-CAM | C997: AOY003 | D997: 94223-81000 | E997: 1 | F997: 1 | G997: 1
A998: TLS04-C | B998: 72108-X1421-CAM | C998: AOY002 | D998: 94223-80800 | E998: 1 | F998: 1 | G998: 1
... A1088: CP2-04 | B1088: 72165-X7A02 | C1088: CP2-04 | D1088: 72165-X7A02 | E1088: 1 | F1088: 1 | G1088: 1
A1089: TTL-S1 | C1089: TTC714 | E1089: 1 | F1089: 1 | G1089: 1
A1090: TTL-S1 | C1090: TPT-10 | E1090: 1 | F1090: 1 | G1090: 1
A1091: TTL-S1 | C1091: SOB359 | E1091: 1 | F1091: 1 | G1091: 1
A1092: TTL-S1 | C1092: SNA022 | E1092: 1 | F1092: 1 | G1092: 1
A1093: TTL-S2 | C1093: MIT212 | E1093: 1 | F1093: 1 | G1093: 1
A1094: TTL-S2 | C1094: SNA023 | E1094: 1 | F1094: 1 | G1094: 1
A1095: TTL-S2 | C1095: TPT-10 | E1095: 1 | F1095: 1 | G1095: 1
A1096: TTL-S2 | C1096: SOB359 | E1096: 1 | F1096: 1 | G1096: 1
A1097: TTL-S2 | C1097: SOB358 | E1097: 1 | F1097: 1 | G1097: 1
A1098: TTL-S2 | C1098: SNA022 | E1098: 1 | F1098: 1 | G1098: 1
A1099: TTL-S3 | C1099: MIT212 | E1099: 1 | F1099: 1 | G1099: 1
A1100: TTL-S3 | C1100: SNA023 | E1100: 1 | F1100: 1 | G1100: 1
... A1135: GL-01 | C1135: KEN119 | E1135: 2 | F1135: 1 | G1135: 2
A1136: GL-01 | C1136: KEN120 | F1136: 1 | G1136: 0
A1137: GL-01 | C1137: KEN121 | F1137: 1 | G1137: 0
A1138: GL-01 | C1138: KEN122 | F1138: 1 | G1138: 0
A1139: GL-01 | C1139: TFC008 | E1139: 8 | F1139: 1 | G1139: 8
A1140: GL-01 | C1140: TFC017 | F1140: 1 | G1140: 0
A1141: GL-01 | C1141: TFC018 | F1141: 1 | G1141: 0
A1142: GL-01 | C1142: TFC019 | F1142: 1 | G1142: 0
A1143: GL-01 | C1143: TFC020 | F1143: 1 | G1143: 0
A1144: GL-01 | C1144: TFC021 | F1144: 1 | G1144: 0
A1145: GL-01 | C1145: TFC022 | F1145: 1 | G1145: 0
A1146: GL-01 | C1146: TFC023 | F1146: 1 | G1146: 0
A1147: GL-01 | C1147: TFC024 | F1147: 1 | G1147: 0
A1148: GL-01 | C1148: TFC025 | F1148: 1 | G1148: 0
A1149: GL-01 | C1149: TFC026 | F1149: 1 | G1149: 0
A1150: GL-01 | C1150: TFC002 | F1150: 1 | G1150: 0
A1151: GL-01 | C1151: TFC003 | F1151: 1 | G1151: 0
... A1156: GUA-47 | C1156: KEN119 | F1156: 1 | G1156: 0
A1157: GUA-47 | C1157: KEN120 | E1157: 2 | F1157: 1 | G1157: 2
A1158: GUA-47 | C1158: KEN121 | F1158: 1 | G1158: 0
A1159: GUA-47 | C1159: KEN122 | F1159: 1 | G1159: 0
A1160: GUA-47 | C1160: TFC008 | F1160: 1 | G1160: 0
A1161: GUA-47 | C1161: TFC017 | F1161: 1 | G1161: 0
A1162: GUA-47 | C1162: TFC018 | F1162: 1 | G1162: 0
A1163: GUA-47 | C1163: TFC019 | F1163: 1 | G1163: 0
A1164: GUA-47 | C1164: TFC020 | F1164: 1 | G1164: 0
...

Sheet RM
A2: Back_No. | B2: Parts_No. | C2: Parts_Name | D2: Q'ty/Box | E2: Project | F2: Cost/Unit
A4: AR0-01 | B4: 72510-X1M15 | C4: ADJUSTER ASSY FR SEAT RECLINING RH (TBSM) | D4: 36 | E4: REC | F4: 0
A5: AR0-02 | B5: 72520-X1M16 | C5: ADJUSTER ASSY FR SEAT RECLINING LH (TBSM) | D5: 36 | E5: REC | F5: 0
A6: N32-02 | B6: 72531-X1C02 | C6: Ratchet | D6: 0 | E6: REC | F6: 10.391543
A7: N32-18 | B7: 72523-X1M06 | C7: PLATE, RECLINING ADJUSTER LWR ARM, RH (GUIDE) | D7: 0 | E7: REC | F7: 7.9020977
A8: TGL-02 | B8: 72520-X7V26-P | F8: 0
A9: TGR-01 | B9: 72510-X7V45-P | F9: 0
A10: GB0-02 | B10: 72211-0K050-ED | C10: HANDLE SEAT TRACK ADJUSTING | D10: 20 | E10: IMV | F10: 30.25
A11: THT-33 | B11: 72211-06150-ED | C11: HANDLE SEAT TRACK ADJUSTING | D11: 8 | E11: TNGA | F11: 25.68
A12: HYS012 | B12: 72638-X1705 | C12: SPRING, RR SEAT BACK LOCK,LH | D12: 140 | F12: 17.06
A13: SOB310 | B13: 79133-X1702 | C13: LEG,NO.1 SEAT,INNER RH | D13: 12 | E13: New Camry | F13: 74.672
A14: TTC703 | B14: 72402-X7V32 | C14: HOUSING SUB-ASSY, FR SEAT MOTOR SIDE, LH | E14: TBK4 | F14: 331.52528
A15: KEN132 | B15: 72125-0D120 | C15: COVER, SEAT TRACK, UPR RR | E15: 535B | F15: 0.84
A16: KEN135 | B16: 72265-BZ060 | F16: 0.99
A17: DHT-72 | B17: 72211-BZ180-ED | C17: HANDLE, SEAT TRACK ADJUSTING (R3) | D17: 12 | E17: D92A | F17: 73.54
A18: CFS-40 | B18: 71111-X1B01 | C18: FRAME, FR SEAT CUSHION | D18: 10 | E18: New Camry | F18: 30.17981
A19: IPA-82 | B19: 72521-X7A04-P | C19: ARM, RECLINING ADJUSTER, LWR RH | D19: 12 | E19: 578W | F19: 41.67465
A20: IPF-66 | B20: 71151-X7V03-P | C20: FRAME, FR SEAT BACK, RH | D20: 15 | E20: 578W | F20: 28.700603
A21: DPT-05 | B21: 72115-X7V45-P | F21: 22.606301
A22: N32-05 | B22: 72537-X1F00-P | C22: CAM | D22: 250 | E22: REC | F22: 2.6881233
A23: CP2-02 | B23: 72161-X7A04 | C23: RAIL RR SEAT TRACK UPR | D23: 20 | E23: IMV | F23: 26.724653
A24: IPA-81 | B24: 72522-X7A04-P | C24: ARM, RECLINING ADJUSTER, LWR OUTER LH | D24: 12 | E24: 578W | F24: 41.718316
A25: IPT-87 | B25: 72141-X7A05-P | C25: BRACKET, FR OUTER SEAT TRACK, LWR FR RH | D25: 40 | E25: 578W | F25: 11.290288
A26: MIT150 | B26: 72745-X7A03 | C26: PIN RECLINING HINGE | D26: 300 | E26: SK4G | F26: 5.8693522
A27: SOJ602 | B27: GREAS-MA021 | C27: GREASE MULTEMP TA NO1 (15 Kg.) | D27: 1 | E27: SK4G | F27: 196.39145
A28: SOB308 | B28: 79131-X1701 | C28: LEG,NO.1 SEAT,RH | D28: 10 | E28: New Camry | F28: 57.505238
A29: SOB309 | B29: 79132-X1701 | C29: LEG,NO.1 SEAT,LH | D29: 10 | E29: New Camry | F29: 57.495747
A30: SOB311 | B30: 79134-X1702 | C30: LEG,NO.1 SEAT,INNER LH | D30: 12 | E30: New Camry | F30: 74.661644
A31: CTP-27 | B31: 72115-X1403 | C31: RAIL, SEAT TRACK, LWR | D31: 20 | E31: New Camry | F31: 22.6669
A32: IPT-90 | B32: 72147-X7A05-P | C32: BRACKET, FR INNER SEAT TRACK, LWR RR RH | D32: 50 | E32: 578W | F32: 13.7195
A33: IPF-65 | B33: 71152-X7V03-P | C33: FRAME, FR SEAT BACK, LH | D33: 15 | E33: 578W | F33: 28.71099
A34: BTS127 | B34: 73192-X7V16 | C34: BRACKET, SEAT BELT INNER ANCHOR, LH | E34: TNGA | F34: 23.36
A35: MIY048 | B35: 73192-X7A11 | C35: BRACKET, SEAT BELT INNER ANCHOR, LH | E35: 716B | F35: 0
A36: EPA-48 | B36: 72521-X7V47-P | C36: ARM, RECLINING ADJUSTER LWR RH(M4) | E36: 535B | F36: 37.584796
A37: IPT-08 | B37: 72115-X7V40-P | F37: 25.216798
A38: DPT-08 | B38: 72111-X7V19-P | F38: 22.280285
A39: BWT003 | B39: AWSDM-KRC28 | C39: Kiswel-KC-28 AWS:ER70S-6 1.0 MM (300Kg P/Pack) | F39: 54.5
A40: CTP-28 | B40: 72114-X1405 | C40: RAIL, SEAT TRACK, UPR LH | D40: 30 | E40: New Camry | F40: 20.522439
A41: DPA-02 | B41: 72521-X7V74-P | F41: 39.454575
A42: EHT-13 | B42: 72211-0D160-ED | C42: HANDLE SEAT TRACK ADJUSTING | D42: 24 | E42: TBK4 | F42: 32.13
A43: IPA-01 | B43: 72523-X7V38-P | F43: 11.543755
A44: IHT-35 | B44: 72211-0K200-ED | C44: HANDLE SEAT TRACK ADJUSTING | D44: 14 | E44: 867B | F44: 24.11
A45: MIT181 | B45: 72745-X1701 | C45: PIN | D45: 200 | F45: 22.348333
A46: IPF-61 | B46: 71158-X7V01-P | C46: PANEL, FR SEAT BACK FRAME, UPR | D46: 10 | E46: 578W | F46: 24.60707
A47: IPF-77 | B47: 72739-X7A06-P | C47: ARM, RR SEAT RECLINING, LWR RH | D47: 40 | E47: 578W | F47: 13.271368
A48: EPA-47 | B48: 72522-X7V44-P | C48: ARM, RECLINING ADJUSTER LWR LH(M4) | E48: 535B | F48: 37.95168
A49: KEN114 | B49: 72265-0K020 | C49: COVER, SEAT TRACK UPR RAIL | D49: 500 | E49: 578W | F49: 1.38
A50: HAN041 | B50: SPC98-14510-1 | C50: SPC980-DU 1.4 X 510 X C(P=154 | D50: 4000 | E50: TBK4 | F50: 38.001125
A51: HAN074 | B51: SPH44-29316 | C51: SPH440-OD 2.9X316XC (P=102) | D51: 1600 | E51: 578W | F51: 29.677388
A52: CTP-19 | B52: 72145-X1404 | C52: BRACKET, FR INNER SEAT TRACK, LWR FR RH | D52: 55 | E52: New Camry | F52: 0
A53: N32-27 | B53: 72513-X1F00 | C53: PLATE, RECLINING ADJUSTER UPR ARM, RH (RING PLATE) | D53: 0 | E53: REC | F53: 3.2868354
A54: HYS051 | B54: 71918-X7V06 | C54: SPRING, SPIRAL | E54: TNGA | F54: 17.03
A55: HAN101 | B55: SPC59-12581 | C55: SPC590 1.2X581XC (P=200) | E55: 535B | F55: 34.320292
A56: HAN109 | B56: SPH44-26321 | F56: 29.65395
A57: HAN110 | B57: SPC98-14467 | F57: 40.273145
A58: HYS059 | B58: 89953-X7062 | F58: 21.57
A59: SHI225 | B59: 72402-X7A01 | F59: 216.67032
A60: AKT002 | B60: 72537-X7V10-00 | C60: CAM, RECLINING PAWL LOCK, LH | D60: 900 | E60: TOGO | F60: 3.66
A61: AOY001 | B61: 72641-0K020 | C61: RIVET | D61: 2000 | E61: IMV | F61: 0
A62: AOY002 | B62: 94223-80800 | C62: NUT WELD | D62: 1000 | E62: SK4G | F62: 0.83
A63: AOY003 | B63: 94223-81000 | C63: NUT WELD | D63: 500 | E63: SK4G | F63: 1.25
A64: AOY004 | B64: 90174-08039 | C64: NUT WELD | D64: 2000 | E64: SK4G | F64: 0
A65: AOY005 | B65: 72702-X1413 | C65: BOLT | D65: 1000 | E65: New Camry | F65: 1.87
A66: AOY006 | B66: 94151-80800 | C66: NUT, FLANGE | D66: 1500 | E66: New Camry | F66: 0.96
A67: AOY007 | B67: 72702-X7A01-A | C67: BOLT SEAT SET | D67: 500 | E67: IMV | F67: 3.53
A68: BTS010 | B68: 71897-X7A01 | C68: HOOK SEAT COVER SIDE | D68: 500 | E68: IMV | F68: 3.6
A69: BTS011 | B69: 72558-X7A00 | C69: STOPPER RECLINING | D69: 200 | E69: IMV | F69: 4.91
A70: BTS012 | B70: 72558-X7A01 | C70: STOPPER RECLINING | D70: 200 | E70: IMV | F70: 0
A71: BTS013 | B71: 72777-X7A00 | C71: PLATE RR SEAT RECLINING BRACKET | D71: 400 | E71: IMV | F71: 4.002716
... A135: BTS077 | B135: 89978-X1042 | C135: WASHER,PLATE | D135: 4000 | E135: New Camry | F135: 0
A136: BTS079 | B136: 79919-X1703 | C136: PATCH,SEAT FRAME,RH | D136: 100 | F136: 10.77034
A137: BTS080 | B137: 79919-X1704 | C137: PATCH,SEAT FRAME,LH | D137: 100 | F137: 10.77061
A138: BTS081 | B138: 81559-X1701 | C138: COVER,PROTECTOR | D138: 400 | F138: 3.8004708
A139: BTS082 | B139: 81559-X1702 | C139: COVER,PROTECTOR | D139: 400 | F139: 3.8001091
A140: BTS083 | B140: 72558-X1701 | C140: STOPPER,RECLINING | D140: 200 | F140: 5.28012
A141: BTS084 | B141: 72558-X1702 | C141: STOPPER,RECLINING | D141: 200 | F141: 6.33003
A142: CBT001 | B142: 72507-0K010-FI | C142: HANDLE SUB-ASSY, RECLINING RELEASE (IVORY) | D142: 600 | E142: IMV | F142: 0
A143: CBT002 | B143: 72507-0K010-FG | C143: HANDLE SUB-ASSY, RECLINING RELEASE (GRAY) | D143: 600 | E143: IMV | F143: 0
A144: CBT003 | B144: 78960-0K020 | C144: BAND ASSY, FOLD SEAT STOPPER NO.2 | D144: 60 | E144: IMV | F144: 0
A145: CBT004 | B145: 78960-0K040 | C145: BAND ASSY, FOLD SEAT STOPPER NO.2 | D145: 60 | E145: IMV | F145: 0
A146: CBT005 | B146: 78960-0K060-E0 | C146: BAND ASSY, FOLD SEAT STOPPER NO.2(NEW HOOK 457B) | D146: 60 | E146: IMV | F146: 81.6775
A147: CBT006 | B147: 72507-0K010-E1 | C147: HANDLE SUB-ASSY, RECLINING RELEASE (454B) | D147: 600 | E147: IMV | F147: 0
A148: CBT007 | B148: 72507-0K010-E0 | C148: HANDLE SUB-ASSY, RECLINING RELEASE (457B) | D148: 600 | E148: IMV | F148: 0
A149: CBT008 | B149: 78960-0K020-E0 | C149: BAND ASSY, FOLD SEAT STOPPER NO.2(NEW HOOK 457B) | D149: 60 | E149: IMV | F149: 67.02527
A150: CBT009 | B150: 78960-0K040-E0 | C150: BAND ASSY, FOLD SEAT STOPPER NO.2(NEW HOOK 457B) | D150: 60 | E150: IMV | F150: 0
A151: CBT010 | B151: 78960-0K040-B0 | C151: BAND ASSY, FOLD SEAT STOPPER NO.2 (136B) | D151: 60 | E151: IMV | F151: 0
A152: CBT011 | B152: 78960-0K060-B0 | C152: BAND ASSY, FOLD SEAT STOPPER NO.2 (136B) | D152: 60 | E152: IMV | F152: 0
A153: CBT012 | B153: 72507-0K010-B0 | C153: BAND ASSY, FOLD SEAT STOPPER NO.2 (136B) | D153: 60 | E153: IMV | F153: 0
... A170: ELE002 | B170: GREAS-G1023-00 | C170: GREASE G-1023 ( 16KG/PAIL ) | D170: 1 | E170: SK4G | F170: 0
A171: ELE003 | B171: GREAS-PASTE | C171: GREASE E-PASTE ( 1KG/PAIL ) | D171: 1 | F171: 0
A172: MIT176 | B172: 89962-X7A06-00 | C172: ROLLER | D172: 2000 | E172: IMV | F172: 0.120835
A173: MIT178 | B173: 89962-X7A08-00 | C173: ROLLER | D173: 2000 | E173: IMV | F173: 0.06167
A174: MIT179 | B174: 72149-X1707 | C174: PIN,FR SEAT LOCATION | D174: 2000 | F174: 1.4099987
A175: MIT180 | B175: 79754-X1701 | C175: PIN | D175: 500 | F175: 7.53
A176: MIT182 | B176: 72468-X1701 | C176: PIN,VERTICAL ADJUSTFER,NO.1 | D176: 1000 | F176: 2.63
A177: SCR001 | B177: 72517-X1701 | C177: PLATE,RECLINING RELEASE ARM | D177: 300 | F177: 0
A178: TFC011 | B178: 93510-14010 | C178: SCREW,TAPPING | D178: 6000 | E178: EFC | F178: 0.25
A179: YSR001 | B179: CLEANER-PCW97 | C179: Yoshiro Cleaner PCW97KT (20L/P | D179: 1 | E179: EFC | F179: 0
A180: HYS010 | B180: 89953-X1069-00 | C180: SPRING,SPIRAL | D180: 70 | E180: EFC | F180: 18.07
A181: HYS011 | B181: 72638-X1704-B | C181: SPRING, RR SEAT BACK LOCK,LH | D181: 60 | F181: 29.71
...

Sheet FG
A1: Finish Goods :
A3: Back_no | B3: Part No. | C3: Part Name | D3: Q'ty/Box | E3: Project | F3: Model | G3: BOI | H3: Cost/Unit
A5: OA6-28 | B5: 72503-X1717 | C5: ARM SUB-ASSY, RECLINING ADJUSTER, RH | D5: 8 | E5: SK4G | F5: New Camry | G5: BOI-P.3 | H5: 0
A6: TGP-02 | B6: 72524-X7V44 | E6: Next IMV | G6: NON BOI | H6: 5.25
A7: MIT162 | B7: 72519-X1K04 | C7: PIN, RECLINING HINGE | D7: 400 | E7: SK4G | F7: New Camry | G7: NON BOI | H7: 4.76
A8: SOB309 | B8: 79132-X1701 | C8: LEG, NO.1 SEAT, LH | D8: 10 | E8: SK4G | F8: New Camry | G8: NON BOI | H8: 57.5
A9: SOB311 | B9: 79134-X1702 | C9: LEG, NO.1 SEAT, INNER LH | D9: 12 | E9: SK4G | F9: New Camry | G9: NON BOI | H9: 74.66
A10: MIT188 | B10: 72745-X7A08 | C10: PIN, RR SEAT RECLINING HINGE | D10: 150 | E10: Next IMV | G10: NON BOI | H10: 10.84
A11: HYS043 | B11: 89953-X7029 | C11: SPRING, SPIRAL | D11: 120 | E11: Next IMV | G11: NON BOI | H11: 13.99
A12: MIT199 | B12: 72559-X7A01 | C12: PIN, SPRING SET | D12: 100 | E12: Next IMV | G12: NON BOI | H12: 23.29
A13: BTS160 | B13: 72426-X1406 | E13: TNGA | G13: BOI-P.2 | H13: 3.13
A14: BTS140 | B14: 72781-X7V03 | E14: TNGA | G14: NON BOI | H14: 11.22
A15: MIT238 | B15: 89911-X7127 | C15: BOLT, WELD | E15: DG7 | G15: NON BOI | H15: 5.26
A16: BTS078 | B16: 73214-0K010 | C16: PLATE FR SEAT BELT ANCHOR | D16: 4000 | E16: SK4G | F16: New Camry | G16: NON BOI | H16: 2.64
A17: OIL001 | B17: 72478-X1B02 | C17: BUSH, VERTICAL ADJUSTER | D17: 3000 | E17: SK4G | F17: New Camry | G17: NON BOI | H17: 2.1
A18: SOB322 | B18: 72579-X1700 | C18: PLATE, SPRING SET | D18: 200 | E18: SK4G | F18: New Camry | G18: NON BOI | H18: 6.06
A19: IFL-07 | B19: 71104-X7A00 | C19: FRAME SUB-ASSY, FR SEAT BACK MAIN, LH | D19: 8 | E19: Next IMV | G19: BOI-P.5 | H19: 129.0194
A20: IFR-74 | B20: 71103-X7A16 | C20: FRAME SUB-ASSY, FR SEAT BACK MAIN, RH | D20: 4 | E20: Next IMV | G20: BOI-P.5 | H20: 136.64829
A21: STM-03 | B21: 11213-0E010 | C21: GASKET, CYLINDER HEAD COVER (11213-X7A00) | D21: 1 | E21: CHC | G21: BOI-P.4 | H21: 64.71
A22: MIT183 | B22: 71311-X7A00 | C22: PIN, FR SEAT HINGE | D22: 200 | E22: Next IMV | G22: NON BOI | H22: 23.84
A23: MIT184 | B23: 72519-X7A12 | C23: PIN, RECLINING HINGE | D23: 100 | E23: Next IMV | G23: NON BOI | H23: 22.83
A24: HYS046 | B24: 89953-X7041 | C24: SPRING, SPIRAL | D24: 72 | E24: Next IMV | G24: NON BOI | H24: 24.41
A25: TA6-17 | B25: 73042-X7V20 | C25: ADJUSTER SUB-ASSY, FR SEAT, INNER LH | E25: TNGA | G25: BOI-P.5 | H25: 157.12118
A26: IA4-81 | B26: 72504-X7A22 | C26: ARM SUB-ASSY, RECLINING ADJUSTER, LH | E26: Next IMV | G26: BOI-P.5 | H26: 45.54
A27: HRC-24 | B27: 79304-X1E05 | C27: FRAME SUB-ASSY, NO.3 SEAT BACK, LH | E27: 181B | G27: NON BOI | H27: 0
A28: BTS156 | B28: 72446-X7V34 | C28: LINK, VERTICAL TRAVEL, NO.4 | E28: TNGA | G28: NON BOI | H28: 38.72
A29: MIY051 | B29: 72443-X7V76 | C29: GEAR, VERTICAL ADJUSTER | E29: TNGA | G29: NON BOI | H29: 62.95641
A30: HYS059 | B30: 89953-X7062 | E30: Next IMV | F30: 867B | G30: NON BOI | H30: 21.57
A31: ITO-96 | B31: 72110-X7V65 | E31: Next IMV | F31: 867B | G31: NON BOI | H31: 164.35284
A32: LT8-81 | B32: 721C0-X7V62 | C32: TRACK ASSY, FR SEAT, INNER RH | E32: Next IMV | F32: 500D | G32: NON BOI | H32: 245.555
A33: LT8-82 | B33: 721A0-X7V38 | C33: TRACK ASSY, FR SEAT, OUTER RH | E33: Next IMV | F33: 500D | G33: NON BOI | H33: 227.40788
A34: OTO-40 | B34: 72116-X1701 | C34: RAIL, FR OUTER SEAT TRACK, LWR LH | D34: 8 | E34: SK4G | F34: New Camry | G34: NON BOI | H34: 54.48
A35: ETO-11 | B35: 72110-X1V15 | C35: TRACK ASSY, FR SEAT, OUTER RH | D35: 4 | E35: EFC | F35: EFC | G35: BOI-P.3 | H35: 151.72
A36: TA8-24 | B36: 73032-X7V21 | C36: ADJUSTER SUB-ASSY, FR SEAT, OUTER LH | E36: TNGA | G36: BOI-P.5 | H36: 229.73274
A37: DPF-70 | B37: 79151-X7V09 | C37: FRAME, NO.1 SEAT BACK | E37: DG7 | F37: D92A | G37: BOI-P.3 | H37: 18.978451
A38: CFS-59 | B38: 71152-X1V05 | C38: FRAME, FR SEAT BACK, LH | D38: 12 | E38: EFC | F38: EFC | G38: BOI-P.2 | H38: 32.89
A39: CFP-10 | B39: 72524-X1408 | C39: PLATE, RECLINING ADJUSTER LWR ARM, RH (MNL) | D39: 50 | E39: SK4G | F39: New Camry | G39: BOI-P.3 | H39: 11.21
A40: CTP-28 | B40: 72114-X1405 | C40: RAIL, SEAT TRACK, UPR RH/LH | D40: 24 | E40: SK4G | F40: New Camry | G40: NON BOI | H40: 20.78
A41: SOB310 | B41: 79133-X1702 | C41: LEG, NO.1 SEAT, INNER RH | D41: 12 | E41: SK4G | F41: New Camry | G41: NON BOI | H41: 74.67
A42: AP1-03 | B42: 71254-X7A01 | C42: FRAME, RR SEAT BACK SIDE, RH | D42: 20 | E42: IMV | G42: NON BOI | H42: 23.28
A43: IPF-66 | B43: 71151-X7V03 | C43: FRAME, FR SEAT BACK, RH | D43: 10 | E43: Next IMV | G43: NON BOI | H43: 28.75
A44: IPF-67 | B44: 72523-X7V04 | C44: PLATE, RECLINING ADJUSTER LWR ARM, RH | D44: 40 | E44: Next IMV | G44: NON BOI | H44: 0.09
A45: IPF-68 | B45: 72524-X7V04 | C45: PLATE, RECLINING ADJUSTER LWR ARM, LH | D45: 40 | E45: Next IMV | G45: NON BOI | H45: 0.09
A46: IPF-72 | B46: 72523-X7V03 | C46: PLATE, RECLINING ADJUSTER LWR ARM, RH | D46: 40 | E46: Next IMV | G46: NON BOI | H46: 0.09
A47: IPF-73 | B47: 72517-X7V01 | C47: PLATE, RECLINING RELEASE ARM, RH | D47: 60 | E47: Next IMV | G47: NON BOI | H47: 0.09
A48: TPC-21 | B48: 71111-X7V07 | C48: PANEL, FR SEAT CUSHION, A | E48: TNGA | G48: BOI-P.5 | H48: 17.700857
A49: KEN136 | B49: 72129-BZ070 | E49: EFC | G49: NON BOI | H49: 3.4239511
A50: CA8-06 | B50: 72503-X1B05 | C50: ARM SUB-ASSY, RECLINING ADJUSTER, RH | D50: 6 | E50: SK4G | F50: New Camry | G50: BOI-P.2 | H50: 70.060328
A51: CA8-08 | B51: 72504-X1B15 | C51: ARM SUB-ASSY, RECLINING ADJUSTER, LH | D51: 6 | E51: SK4G | F51: New Camry | G51: BOI-P.2 | H51: 307.58184
A52: ETI-05 | B52: 72130-X1V12 | C52: TRACK ASSY, FR SEAT, INNER RH | D52: 4 | E52: EFC | F52: EFC | G52: BOI-P.3 | H52: 116.71
A53: ETO-07 | B53: 72110-X1V14 | C53: TRACK ASSY, FR SEAT, OUTER RH | D53: 4 | E53: EFC | F53: EFC | G53: BOI-P.3 | H53: 125.65
A54: ETO-12 | B54: 72120-X1V15 | C54: TRACK ASSY, FR SEAT, OUTER LH | D54: 4 | E54: EFC | F54: EFC | G54: BOI-P.3 | H54: 151.74
A55: EFR-20 | B55: 71103-X1V16 | C55: FRAME SUB-ASSY, FR SEAT BACK MAIN, RH | D55: 4 | E55: EFC | F55: EFC | G55: BOI-P.3 | H55: 128.82237
A56: EA4-03 | B56: 72503-X1V21 | C56: ARM SUB-ASSY, RECLINING ADJUSTER, RH | D56: 12 | E56: EFC | F56: EFC | G56: BOI-P.3 | H56: 41.414729
A57: EFL-18 | B57: 71104-X1V18 | C57: FRAME SUB-ASSY, FR SEAT BACK MAIN, LH | D57: 6 | E57: EFC | F57: EFC | G57: BOI-P.3 | H57: 104.09176
A58: EFL-21 | B58: 71104-X1V19 | C58: FRAME SUB-ASSY, FR SEAT BACK MAIN, LH | D58: 4 | E58: EFC | F58: EFC | G58: BOI-P.3 | H58: 129.91044
A59: EFR-19 | B59: 71103-X1V17 | C59: FRAME SUB-ASSY, FR SEAT BACK MAIN, RH | D59: 6 | E59: EFC | F59: EFC | G59: BOI-P.3 | H59: 102.29136
A60: ETO-08 | B60: 72120-X1V14 | C60: TRACK ASSY, FR SEAT, OUTER LH | D60: 4 | E60: EFC | F60: EFC | G60: BOI-P.3 | H60: 124.84455
A61: ETI-22 | B61: 72140-X1V33 | C61: TRACK ASSY, FR SEAT, INNER LH | D61: 4 | E61: EFC | F61: EFC | G61: BOI-P.3 | H61: 149.6135
... A64: BTS071 | B64: 79716-X1400 | C64: NUT | D64: 4000 | E64: SK4G | F64: New Camry | G64: NON BOI | H64: 1.18
A65: IA4-01 | B65: 72504-X7A06 | C65: ARM SUB-ASSY, RECLINING ADJUSTER, LWR LH | D65: 8 | E65: Next IMV | G65: BOI-P.5 | H65: 45.331599
A66: IA4-02 | B66: 72503-X7A06 | C66: ARM SUB-ASSY, RECLINING ADJUSTER, LWR RH | D66: 10 | E66: Next IMV | G66: BOI-P.5 | H66: 45.139648
A67: IF1-31 | B67: 72710-X7A02 | C67: ADJUSTER ASSY, RR SEAT BACK, INNER RH | D67: 8 | E67: Next IMV | G67: BOI-P.5 | H67: 137.78
A68: IF1-33 | B68: 72720-X7A03 | C68: ADJUSTER ASSY, RR SEAT BACK, INNER LH | D68: 8 | E68: Next IMV | G68: BOI-P.5 | H68: 161.3
A69: IFR-10 | B69: 71103-X7A02 | C69: FRAME SUB-ASSY, FR SEAT BACK MAIN, RH | D69: 8 | E69: Next IMV | G69: BOI-P.5 | H69: 128.13616
A70: IH2-59 | B70: 71304-0K040 | C70: HINGE SUB-ASSY, RR NO.2 SEAT, LH | D70: 7 | E70: Next IMV | G70: BOI-P.5 | H70: 179.60064
A71: ITI-29 | B71: 72140-X7A07 | C71: TRACK ASSY, FR SEAT, INNER LH | D71: 4 | E71: Next IMV | G71: BOI-P.5 | H71: 197.13908
A72: ITO-20 | B72: 72051-X7A07 | C72: TRACK SUB-ASSY, FR SEAT, OUTER RH | D72: 4 | E72: Next IMV | G72: BOI-P.5 | H72: 128.83001
A73: AP1-04 | B73: 71255-X7A01 | C73: FRAME, RR SEAT BACK SIDE, LH | D73: 20 | E73: IMV | G73: NON BOI | H73: 23.28
A74: IPF-65 | B74: 71152-X7V03 | C74: FRAME, FR SEAT BACK, LH | D74: 10 | E74: Next IMV | G74: NON BOI | H74: 28.75
A75: BTS120 | B75: 72558-X7A09 | C75: STOPPER, RECLINING | D75: 200 | E75: Next IMV | G75: NON BOI | H75: 5.99
A76: EFR-29 | B76: 71103-X1V28 | C76: FRAME SUB-ASSY, FR SEAT BACK MIAN, RH | E76: TBK4 | G76: BOI-P.3 | H76: 155.09792
A77: TFL-28 | B77: 71104-X7V49 | C77: FRAME SUB-ASSY, FR SEAT BACK MAIN, LH | E77: TNGA | G77: BOI-P.5 | H77: 122.55113
A78: TFR-27 | B78: 71103-X7V49 | C78: FRAME SUB-ASSY, FR SEAT BACK MAIN, RH | E78: TNGA | G78: BOI-P.5 | H78: 119.46415
A79: THT-33 | B79: 72211-06150 | C79: HANDLE, SEAT TRACK ADJUSTING | E79: TNGA | G79: BOI-P.5 | H79: 14.758997
A80: TA4-15 | B80: 72021-X7V07 | C80: ADJUSTER SUB-ASSY, FR SEAT, INNER RH | E80: TNGA | G80: BOI-P.5 | H80: 66.277003
A81: TA4-16 | B81: 73032-X7V23 | C81: ADJUSTER SUB-ASSY, FR SEAT, OUTER LH | E81: TNGA | G81: BOI-P.5 | H81: 54.831354
A82: TT8-07 | B82: 72140-X7V17 | C82: TRACK ASSY, FR SEAT, OUTER LH | E82: TNGA | G82: BOI-P.5 | H82: 569.04166
A83: TT8-08 | B83: 72110-X7V14 | C83: TRACK ASSY, FR SEAT, OUTER RH | E83: TNGA | G83: BOI-P.5 | H83: 312.26413
A84: TA8-21 | B84: 73042-X7V19 | C84: ADJUSTER SUB-ASSY, FR SEAT, INNER LH | E84: TNGA | G84: BOI-P.5 | H84: 182.75447
A85: TA8-23 | B85: 72041-X7V18 | C85: ADJUSTER SUB-ASSY, FR SEAT, INNER RH | E85: TNGA | G85: BOI-P.5 | H85: 182.47727
A86: TA8-22 | B86: 72031-X7V12 | C86: ADJUSTER SUB-ASSY, FR SEAT, OUTER RH | E86: TNGA | G86: BOI-P.5 | H86: 227.95564
A87: HTO-15 | B87: 72110-X7V42 | C87: TRACK ASSY, FR SEAT, OUTER | E87: 181B | G87: NON BOI | H87: 186.15339
A88: BTS159 | B88: 72425-X1405 | E88: TNGA | G88: BOI-P.2 | H88: 3.13
A89: DAL-51 | B89: 72506-X7V44 | C89: ARM SUB-ASSY, RECLINING ADJ, LWR INN LH | E89: DG7 | F89: D92A | G89: BOI-P.3 | H89: 84.025156
A90: DAR-54 | B90: 72505-X7V39 | C90: ARM SUB-ASSY, RECLINING ADJ, LWR INN RH | E90: DG7 | F90: D92A | G90: BOI-P.3 | H90: 83.874056
A91: DLL-67 | B91: 72406-X7V20 | C91: LINK SUB-ASSY, FR VERTICAL, LH | E91: DG7 | F91: D92A | G91: BOI-P.3 | H91: 54.625
A92: DPF-68 | B92: 71151-X7V35 | C92: FRAME, FR SEAT BACK, RH | E92: DG7 | F92: D92A | G92: BOI-P.3 | H92: 23.943061
A93: DPF-69 | B93: 71152-X7V35 | C93: FRAME, FR SEAT BACK, LH | E93: DG7 | F93: D92A | G93: BOI-P.3 | H93: 23.941537
A94: IA6E62 | B94: 72504-X7A29 | C94: ARM SUB-ASSY, RECLININIG ADJUSTER, LER LH | E94: Next IMV | G94: NON BOI | H94: 352.82143
A95: DAL-45 | B95: 72506-X7V60 | C95: ARM SUB-ASSY, RECLINING ADJ, LWR OUT LH | E95: DG7 | F95: D60B | G95: BOI-P.3 | H95: 72.245098
A96: IOT-03 | B96: 72130-X7A18 | C96: TRACK ASSY, FR SEAT, INNER RH | E96: Next IMV | F96: 320D | G96: NON BOI | H96: 276.64194
A97: IOT-04 | B97: 72110-X7A18 | C97: TRACK ASSY, FR SEAT, OUTER | E97: Next IMV | F97: 320D | G97: NON BOI | H97: 264.05986
A98: OTI-37 | B98: 72117-X1704 | C98: RAIL, FR OUTER SEAT TRACK, LWR RH | D98: 8 | E98: SK4G | F98: New Camry | G98: NON BOI | H98: 64.658642
A99: OTO-39 | B99: 72115-X1706 | C99: RAIL, FR OUTER SEAT TRACK, LWR RH | D99: 8 | E99: SK4G | F99: New Camry | G99: NON BOI | H99: 55.204881
A100: TA6-18 | B100: 72031-X7V13 | C100: ADJUSTER SUB-ASSY, FR SEAT, OUTER RH | E100: TNGA | G100: BOI-P.5 | H100: 183.46291
A101: IPK-05 | B101: 72103-X1V26 | C101: RAIL SUB-ASSY, SET TRACK, UPR RH | E101: TBK4 | G101: BOI-P.3 | H101: 81.404455
A102: IPK-06 | B102: 72103-X1V27 | C102: RAIL SUB-ASSY, SET TRACK, UPR RH | E102: TBK4 | G102: BOI-P.3 | H102: 81.30967
A103: AB0-12 | B103: 72740-0K030 | C103: ADJ.ASSY RR S/B OTR LH 40% | D103: 8 | E103: IMV | F103: IMV | G103: BOI-P.1 | H103: 0
A104: IFL-09 | B104: 71104-X7A02 | C104: FRAME SUB-ASSY, FR SEAT BACK MAIN, LH | D104: 4 | E104: Next IMV | G104: BOI-P.5 | H104: 164.69319
...

Sheet Press
A1: back_no | B1: parts_no | C1: rec_qtyの合計
A2: AP1-03 | B2: 71254-X7A01-P | C2: 22140
A3: AP1-04 | B3: 71255-X7A01-P | C3: 23680
A4: AP1-12 | B4: 72521-X7A02-P | C4: 5400
A5: AP1-13 | B5: 72522-X7A02-P | C5: 3600
A6: AR0-01 | B6: 72510-X1M15 | C6: 100584
A7: AR0-02 | B7: 72520-X1M16 | C7: 105876
A8: CAP-01 | B8: 71111-X1C00-P | C8: 15720
A9: CAP-02 | B9: 71112-X1C00-P | C9: 14100
A10: CAP-05 | B10: 72521-X1B05-P | C10: 16260
A11: CAP-06 | B11: 72522-X1B02-P | C11: 19720
A12: CAP-07 | B12: 72521-X1C03-P | C12: 21000
A13: CAP-08 | B13: 72522-X1C02-P | C13: 22140
... A259: ZST002 | B259: ZFS240-30008 | C259: -9000
C260: 2526263
C263: #REF!
B266: Round Reclining - Press | C266: #REF!
B268: Diff. | C268: #REF!
A272: 72510-X1M15 | B272: ADJUSTER ASSY, FR SEAT RECLINING, RH (EXP)
A273: 72520-X1M16 | B273: ADJUSTER ASSY, FR SEAT RECLINING, LH (EXP)
A274: 72520-X7V26
A275: 72510-X7V45

Sheet WIP
A4: Work In Process :
A6: Back_No. | B6: Parts_No. | C6: Parts_Name | D6: Category | E6: Work In Process | G6: Cost/Unit | H6: Process Cost
E7: Q'ty | F7: Amount (THB) | H7: Per Unit | I7: Amount (THB)
A8: 030-05 | B8: 79030-0K010-E1 | C8: LEG ASSY RR NO2 RH | D8: FG | E8: 0 | F8: 0 | G8: 0 | H8: 4.96 | I8: 0
A9: 030-06 | B9: 79040-0K010-E1 | C9: LEG ASSY RR NO2 LH | D9: FG | E9: 0 | F9: 0 | G9: 0 | H9: 4.96 | I9: 0
A10: 030-07 | B10: 79030-0K010-E0 | C10: LEG ASSY RR NO2 RH | D10: FG | E10: 0 | F10: 0 | G10: 0 | H10: 4.96 | I10: 0
A11: 030-08 | B11: 79040-0K010-E0 | C11: LEG ASSY RR NO2 LH | D11: FG | E11: 0 | F11: 0 | G11: 0 | H11: 4.96 | I11: 0
A12: 150-13 | B12: 72503-X7A01 | C12: ARM SUB-ASSY, RECLINING ADJUSTER, LWR RH | D12: FG | E12: 0 | F12: 0 | G12: 0 | H12: 0.85 | I12: 0
A13: 150-14 | B13: 72504-X1410 | C13: ARM SUB-ASSY, RECLINING ADJUSTER, LWR LH | D13: FG | E13: 0 | F13: 0 | G13: 0 | H13: 0.85 | I13: 0
A14: 150-15 | B14: 72503-X7A02 | C14: ARM SUB-ASSY, RECLINING ADJUSTER, LWR RH | D14: FG | E14: 0 | F14: 0 | G14: 0 | H14: 0.85 | I14: 0
A15: 150-16 | B15: 72504-X1F05 | C15: ARM SUB-ASSY, RECLINING ADJUSTER, LWR LH | D15: FG | E15: 0 | F15: 0 | G15: 0 | H15: 0.85 | I15: 0
A16: 152-01 | B16: 72503-X1F00 | C16: ARM SUB-ASSY, RECLINING ADJUSTER, LWR RH | D16: FG | E16: 0 | F16: 0 | G16: 0 | H16: 0.85 | I16: 0
A17: 152-02 | B17: 72504-X1F00 | C17: ARM SUB-ASSY, RECLINING ADJUSTER, LWR LH | D17: FG | E17: 0 | F17: 0 | G17: 0 | H17: 0.85 | I17: 0
A18: 152-03 | B18: 72503-X1F01 | C18: ARM SUB-ASSY, RECLINING ADJUSTER, LWR RH | D18: FG | E18: 0 | F18: 0 | G18: 0 | H18: 0.85 | I18: 0
A19: 152-04 | B19: 72504-X1F01 | C19: ARM SUB-ASSY, RECLINING ADJUSTER, LWR LH | D19: FG | E19: 0 | F19: 0 | G19: 0 | H19: 0.85 | I19: 0
... A346: EHT-13 | B346: 72211-0D160 | C346: HANDLE, SEAT TRACK ADJUSTING | D346: FG | E346: 0 | F346: 0 | G346: 20.69 | H346: 56.35 | I346: 0
A347: CFL-57 | D347: FG | E347: 0 | F347: 0 | G347: 0 | H347: 0 | I347: 0
A348: IFL-17 | D348: FG | E348: 0 | F348: 0 | G348: 141.11 | H348: 21 | I348: 0
A349: IFR-14 | D349: FG | E349: 0 | F349: 0 | G349: 113.67 | H349: 38.59 | I349: 0
A350: IFR-18 | D350: FG | E350: 0 | F350: 0 | G350: 141.24 | H350: 28.11 | I350: 0
A351: ITI-27 | D351: FG | E351: 0 | F351: 0 | G351: 197.55 | H351: 97.04 | I351: 0
A352: ITI-29 | D352: FG | E352: 0 | F352: 0 | G352: 197.14 | H352: 97.04 | I352: 0
A353: ITO-20 | D353: FG | E353: 3 | F353: 399.96 | G353: 128.83 | H353: 101.6 | I353: 304.8
A354: ITO-22 | D354: FG | E354: 0 | F354: 0 | G354: 129.87 | H354: 101.6 | I354: 0
A355: ITO-28 | D355: FG | E355: 0 | F355: 0 | G355: 198.13 | H355: 97.04 | I355: 0
A356: ITO-30 | D356: FG | E356: 0 | F356: 0 | G356: 198.36 | H356: 97.04 | I356: 0
A357: OA4-63 | D357: FG | E357: 0 | F357: 0 | G357: 0 | H357: 316.26 | I357: 0
A358: OTI-37 | D358: FG | E358: 0 | F358: 0 | G358: 64.66 | H358: 16.58 | I358: 0
... A362: THT-33 | D362: FG | E362: 0 | F362: 0 | G362: 14.76 | H362: 12.02 | I362: 0
A363: AOY001 | B363: 72641-0K020 | C363: RIVET | D363: Parts | E363: 0 | F363: 0 | G363: 0 | H363: #REF! | I363: #REF!
A364: AOY002 | B364: 90174-T0003 | C364: NUT WELD | D364: Parts | E364: 1940 | F364: 1610.2 | G364: 0.83 | H364: #REF! | I364: #REF!
A365: AOY003 | B365: 90174-T0004 | C365: NUT WELD | D365: Parts | E365: 526 | F365: 657.5 | G365: 1.25 | H365: #REF! | I365: #REF!
A366: AOY004 | B366: 90174-08039 | C366: NUT WELD | D366: Parts | E366: 0 | F366: 0 | G366: 0 | H366: #REF! | I366: #REF!
A367: AOY005 | B367: 72702-X1413 | C367: BOLT | D367: Parts | E367: 749 | F367: 1400.63 | G367: 1.87 | H367: #REF! | I367: #REF!
A368: AOY006 | B368: 94151-80800 | C368: NUT, FLANGE | D368: Parts | E368: 3252 | F368: 3121.92 | G368: 0.96 | H368: #REF! | I368: #REF!
A369: BTS010 | B369: 71897-X7A01 | C369: HOOK SEAT COVER SIDE | D369: Parts | E369: 36 | F369: 129.6 | G369: 3.6 | H369: #REF! | I369: #REF!
A370: BTS011 | B370: 72558-X7A00 | C370: STOPPER RECLINING | D370: Parts | E370: 87 | F370: 427.17 | G370: 4.91 | H370: #REF! | I370: #REF!
A371: BTS012 | B371: 72558-X7A01 | C371: STOPPER RECLINING | D371: Parts | E371: 0 | F371: 0 | G371: 0 | H371: #REF! | I371: #REF!
A372: BTS013 | B372: 72777-X7A00 | C372: PLATE RR SEAT RECLINING BRACKET | D372: Parts | E372: 0 | F372: 0 | G372: 4 | H372: #REF! | I372: #REF!
A373: BTS014 | B373: 72777-X7A01 | C373: PLATE RR SEAT RECLINING BRACKET | D373: Parts | E373: 0 | F373: 0 | G373: 0 | H373: #REF! | I373: #REF!
A374: BTS015 | B374: 72441-X7A00 | C374: LINK VERTICAL TRAVEL NO1 | D374: Parts | E374: 0 | F374: 0 | G374: 7.99 | H374: #REF! | I374: #REF!
... A691: SAS141 | B691: 71336-0K030 | C691: PLATE RR SEAT CUSHION LEG LOCK | D691: Parts | E691: 0 | F691: 0 | G691: 5.7 | H691: #REF! | I691: #REF!
A692: SAS142 | B692: 72093-0K020 | C692: LOCK SUB-ASSY RR SEAT RH | D692: Parts | E692: 80 | G692: 0 | H692: #REF! | I692: #REF!
A693: SAS143 | B693: 72094-0K020 | C693: LOCK SUB-ASSY RR SEAT LH | D693: Parts | E693: 0 | G693: 0 | H693: #REF! | I693: #REF!
A694: SAS144 | B694: 72647-0K040 | C694: BRACKET RR SEAT LOCKING CABLE RH | D694: Parts | E694: 0 | F694: 0 | G694: 6.25 | H694: #REF! | I694: #REF!
A695: SAS145 | B695: 72648-0K040 | C695: BRACKET RR SEAT CABLE LH | D695: Parts | E695: 0 | F695: 0 | G695: 6.28 | H695: #REF! | I695: #REF!
A696: SAS146 | B696: 72655-0K020 | C696: LINK RR SEAT BACK LOCK CONTROL NO1 RH | D696: Parts | E696: 0 | F696: 0 | G696: 7.42 | H696: #REF! | I696: #REF!
A697: SAS147 | B697: 72656-0K050 | C697: LINK RR SEAT BACK LOCK CONTROL NO1 LH | D697: Parts | E697: 0 | F697: 0 | G697: 6.24 | H697: #REF! | I697: #REF!
A698: SAS148 | B698: 72663-0K030 | C698: LEVER RR SEAT LOCK CONTROL RH | D698: Parts | E698: 0 | F698: 0 | G698: 25.02 | H698: #REF! | I698: #REF!
A699: SAS149 | B699: 72664-0K030 | C699: LEVER RR SEAT LOCK CONTROL LH | D699: Parts | E699: 0 | F699: 0 | G699: 25.02 | H699: #REF! | I699: #REF!
A700: SAS150 | B700: 71336-0K010 | C700: PLATE,RR SEAT CUSHION LEG LOCK,RH | D700: Parts | E700: 0 | F700: 0 | G700: 6.39 | H700: #REF! | I700: #REF!
A701: SAS151 | B701: 71336-0K020 | C701: PLATE,RR SEAT CUSHION LEG LOCK,LH | D701: Parts | E701: 0 | F701: 0 | G701: 0 | H701: #REF! | I701: #REF!
A702: SAS152 | B702: 72611-0K010 | C702: BRACKET,RR SEAT LOCK,RH | D702: Parts | E702: 0 | F702: 0 | G702: 0 | H702: #REF! | I702: #REF!
A703: SAS153 | B703: 72612-0K010 | C703: BRACKET,RR SEAT LOCK,LH | D703: Parts | E703: 0 | F703: 0 | G703: 0 | H703: #REF! | I703: #REF!
A704: SAS154 | B704: 79205-0K010 | C704: LEG SUB-ASSY,N0.2 SEAT,RH | D704: Parts | E704: 26 | F704: 3933.28 | G704: 0 | H704: #REF! | I704: #REF!
A705: SAS155 | B705: 79206-0K010 | C705: LEG SUB-ASSY,N0.2 SEAT,LH | D705: Parts | E705: 7 | F705: 1058.96 | G705: 0 | H705: #REF! | I705: #REF!
... A714: SCR001 | B714: 72517-X1701 | C714: PLATE,RECLINING RELEASE ARM | D714: Parts | E714: 0 | F714: 0 | G714: 0 | H714: #REF! | I714: #REF!
A715: SHI165 | B715: 72401-X1F02 | D715: Parts | E715: 0 | F715: 0 | G715: 0 | H715: #REF! | I715: #REF!
A716: SHI168 | B716: 72402-X1F00 | D716: Parts | E716: 0 | F716: 0 | G716: 0 | H716: #REF! | I716: #REF!
A717: SHI180 | B717: 72401-X7A13 | C717: BRAKE SUB-ASSY VERTICAL ADJUSTER FR | D717: Parts | E717: 0 | F717: 0 | G717: 0 | H717: #REF! | I717: #REF!
A718: SHI181 | B718: 72401-X7A14 | C718: BRAKE SUB-ASSY VERTICAL ADJUSTER FR | D718: Parts | E718: 0 | F718: 0 | G718: 138 | H718: #REF! | I718: #REF!
A719: SHI182 | B719: 72203-X7A00 | C719: LOCK SUB-ASSY SEAT TRCK RH | D719: Parts | E719: 0 | F719: 0 | G719: 12.68 | H719: #REF! | I719: #REF!
A720: SHI183 | B720: 72204-X7A00 | C720: LOCK SUB-ASSY SEAT TRCK LH | D720: Parts | E720: 0 | F720: 0 | G720: 30.69 | H720: #REF! | I720: #REF!
A721: SHI184 | B721: 72401-X1404 | C721: BRAKE SUB-ASSY VERTICAL ADJUSTER FR | D721: Parts | E721: 0 | F721: 0 | G721: 0 | H721: #REF! | I721: #REF!
A722: SHI185 | B722: 72401-X1F02 | C722: BRAKE SUB-ASSY, VERTICAL ADJUSTER, FR RH | D722: Parts | E722: 7 | F722: 1184.82 | G722: 169.26 | H722: #REF! | I722: #REF!
A723: SHI186 | B723: 72402-X1F00 | C723: BRAKE SUB-ASSY, VERTICAL ADJUSTER, FR LH | D723: Parts | E723: 16 | F723: 2708.16 | G723: 169.26 | H723: #REF! | I723: #REF!
A724: SHI187 | B724: 72203-X1B01 | C724: LOCK SUB-ASSY,SEAT TRACK RH | D724: Parts | E724: 29 | F724: 643.8 | G724: 21.78 | H724: #REF! | I724: #REF!
A725: SHI188 | B725: 72204-X1B00 | C725: LOCK SUB-ASSY,SEAT TRACK LH | D725: Parts | E725: 68 | F725: 1509.6 | G725: 21.78 | H725: #REF! | I725: #REF!
A726: SOB200 | B726: 72429-X7A00 | C726: PLATE VERTICAL ADJUSTER RH | D726: Parts | E726: 0 | F726: 0 | G726: 0 | H726: #REF! | I726: #REF!
A727: SOB201 | B727: 72429-X7A01 | C727: PLATE VERTICAL ADJUSTER LH | D727: Parts | E727: 0 | F727: 0 | G727: 4.32 | H727: #REF! | I727: #REF!
A728: SOB202 | B728: 72291-X7A01 | C728: PLATE SEAT TRACK MEMORY NO1 | D728: Parts | E728: 0 | F728: 0 | G728: 85.73 | H728: #REF! | I728: #REF!
... A1289: BTS091 | B1289: 72182-X7A02 | C1289: BRACKET RR OUTER SEAT TRACK LWR FR LH | D1289: Parts | E1289: 70 | F1289: 566.3 | G1289: 8.09 | H1289: #REF! | I1289: #REF!
A1290: BTS124 | D1290: Parts | E1290: 147 | F1290: 560.07 | G1290: 3.81 | H1290: #REF! | I1290: #REF!
A1291: BTS129 | D1291: Parts | E1291: 75 | F1291: 717 | G1291: 9.56 | H1291: #REF! | I1291: #REF!
A1292: BTS130 | D1292: Parts | E1292: 23 | F1292: 219.88 | G1292: 9.56 | H1292: #REF! | I1292: #REF!
A1293: BTS131 | D1293: Parts | E1293: 71 | F1293: 379.14 | G1293: 5.34 | H1293: #REF! | I1293: #REF!
A1294: BTS132 | D1294: Parts | E1294: 141 | F1294: 752.94 | G1294: 5.34 | H1294: #REF! | I1294: #REF!
A1295: BTS134 | D1295: Parts | E1295: 5 | F1295: 99.8 | G1295: 19.96 | H1295: #REF! | I1295: #REF!
A1296: BTS139 | D1296: Parts | E1296: 58 | F1296: 1204.08 | G1296: 20.76 | H1296: #REF! | I1296: #REF!
A1297: BTS140 | D1297: Parts | E1297: 139 | F1297: 1559.58 | G1297: 11.22 | H1297: #REF! | I1297: #REF!
A1298: BTS141 | D1298: Parts | E1298: 182 | F1298: 1146.6 | G1298: 6.3 | H1298: #REF! | I1298: #REF!
A1299: BTS142 | D1299: Parts | E1299: 221 | F1299: 1392.3 | G1299: 6.3 | H1299: #REF! | I1299: #REF!
A1300: BTS143 | D1300: Parts | E1300: 0 | F1300: 0 | G1300: 6.62 | H1300: #REF! | I1300: #REF!
A1301: BTS144 | D1301: Parts | E1301: 34 | F1301: 224.74 | G1301: 6.61 | H1301: #REF! | I1301: #REF!
... A1352: TOP323 | D1352: Parts | E1352: 1379 | F1352: 20147.19 | G1352: 14.61 | H1352: #REF! | I1352: #REF!
A1353: MIT228 | B1353: 89911-X1B05-00 | D1353: Parts | E1353: 0 | F1353: 0 | G1353: 2.56 | H1353: #REF! | I1353: #REF!
A1354: TTC688 | D1354: Parts | E1354: 305 | F1354: 902.79869 | G1354: 0 | H1354: #REF! | I1354: #REF!
A1355: TTC691 | D1355: Parts | E1355: 450 | F1355: 6817.5 | G1355: 14.34 | H1355: #REF! | I1355: #REF!
A1356: TTC692 | D1356: Parts | E1356: 0 | F1356: 0 | G1356: 0 | H1356: #REF! | I1356: #REF!
A1357: TTC695 | D1357: Parts | E1357: 0 | F1357: 0 | G1357: 5.44 | H1357: #REF! | I1357: #REF!
A1358: TTC696 | D1358: Parts | E1358: 0 | F1358: 0 | G1358: 0 | H1358: #REF! | I1358: #REF!
A1359: TTC697 | D1359: Parts | E1359: 0 | F1359: 0 | G1359: 0 | H1359: #REF! | I1359: #REF!
A1360: TTC706 | D1360: Parts | E1360: 448 | F1360: 972.16 | G1360: 2.06 | H1360: #REF! | I1360: #REF!
A1361: TTC707 | D1361: Parts | E1361: 272 | F1361: 796.96 | G1361: 2.79 | H1361: #REF! | I1361: #REF!
A1362: TTC709 | D1362: Parts | E1362: 30 | F1362: 524.7 | G1362: 16.63 | H1362: #REF! | I1362: #REF!
A1363: TTC710 | D1363: Parts | E1363: 29 | F1363: 192.27 | G1363: 6.31 | H1363: #REF! | I1363: #REF!
A1364: TTC711 | D1364: Parts | E1364: 0 | F1364: 0 | G1364: 0 | H1364: #REF! | I1364: #REF!
A1365: TTC712 | D1365: Parts | E1365: 17 | F1365: 82.79 | G1365: 4.63 | H1365: #REF! | I1365: #REF!
A1366: TTC714 | D1366: Parts | E1366: 369 | F1366: 1055.34 | G1366: 2.61 | H1366: #REF! | I1366: #REF!
A1367: TTC715 | B1367: 72477-X7V01 | C1367: SPACER, VERTICAL ADJUSTER | D1367: Parts | E1367: 0 | F1367: 0 | G1367: 0 | H1367: #REF! | I1367: #REF!
...

Sheet YDT_Mar.11
B2: YARNAPUND DAISO (THAILAND) CO., LTD.
B4: 700/507 Moo. 2 T. Bannkao A. Phanthong Chonburi 20160
D6: Tel. : 038-454717-9 | F6: Fax. : 038-454721
A8: ATTN : K. TIK ,Veerasak ( TBSM ) | E8: FAX NO. : 038-210-018
A9: FROM : K. CHAIROT ( YDT )
A11: STOCK CARD TBSM.
A12: On 31 MAR 2011
A15: ITEM | B15: PART CODE | C15: PART NO. | D15: PART NAME | E15: PACKING (pcs.) | F15: SAFETY STOCK YDT (pcs.) | H15: PART RECEIVE 30-12-10 | J15: TOTAL STOCK
F16: Boxes | G16: Pcs | H16: Boxes | I16: Pcs | J16: Boxes | K16: Pcs
A17: 1 | B17: YDT-001 | C17: 72516-X1400-00-F | D17: ARM RECLINING ADJUSTER RELEASE LH | E17: 100 | F17: =+G17/E17 -> 0 | G17: 0 | H17: 4 | I17: =H17*100 -> 400 | J17: =F17+H17 -> 4 | K17: =G17+I17 -> 400
A18: 2 | B18: YDT-002 | C18: 72515-X1400-00-F | D18: ARM RECLINING ADJUSTER RELEASE RH | E18: 100 | F18: =+G18/E18 -> 0 | G18: 0 | H18: 4 | I18: =H18*100 -> 400 | J18: =F18+H18 -> 4 | K18: =G18+I18 -> 400
A19: 3 | B19: YDT-007 | C19: 72515-X1F02-00-D | D19: ARM RECLINING ADJUSTER RELEASE RH | E19: 100 | F19: =+G19/E19 -> 10 | G19: 1000 | H19: 11 | I19: =H19*100 -> 1100 | J19: =F19+H19 -> 21 | K19: =G19+I19 -> 2100
A20: 4 | B20: YDT-008 | C20: 72516-X1F02-00-D | D20: ARM RECLINING ADJUSTER RELEASE LH | E20: 100 | F20: =+G20/E20 -> 10 | G20: 1000 | H20: 9 | I20: =H20*100 -> 900 | J20: =F20+H20 -> 19 | K20: =G20+I20 -> 1900
C24: YARNAPUND DAISO(THAILAND)CO.,LTD | E24: TOYOTA BOSHOKU SIAM METAL(THAILAND)CO.,LTD
B26: Chairot P.
B28: Date. | C28: 31/03/2011 | E28: Date.

Sheet YDT_Feb.11
B2: YARNAPUND DAISO (THAILAND) CO., LTD.
B4: 700/507 Moo. 2 T. Bannkao A. Phanthong Chonburi 20160
D6: Tel. : 038-454717-9 | F6: Fax. : 038-454721
A8: ATTN : K. TIK ,Veerasak ( TBSM ) | E8: FAX NO. : 038-210-018
A9: FROM : K. CHAIROT ( YDT )
A11: STOCK CARD TBSM.
A12: On 28 FEB 2011
A15: ITEM | B15: PART CODE | C15: PART NO. | D15: PART NAME | E15: PACKING (pcs.) | F15: SAFETY STOCK YDT (pcs.) | H15: PART RECEIVE 30-12-10 | J15: TOTAL STOCK
F16: Boxes | G16: Pcs | H16: Boxes | I16: Pcs | J16: Boxes | K16: Pcs
A17: 1 | B17: YDT-001 | C17: 72516-X1400-00-F | D17: ARM RECLINING ADJUSTER RELEASE LH | E17: 100 | F17: =+G17/E17 -> 0 | G17: 0 | H17: 2 | I17: =H17*100 -> 200 | J17: =F17+H17 -> 2 | K17: =G17+I17 -> 200
A18: 2 | B18: YDT-002 | C18: 72515-X1400-00-F | D18: ARM RECLINING ADJUSTER RELEASE RH | E18: 100 | F18: =+G18/E18 -> 0 | G18: 0 | H18: 3 | I18: =H18*100 -> 300 | J18: =F18+H18 -> 3 | K18: =G18+I18 -> 300
A19: 3 | B19: YDT-007 | C19: 72515-X1F02-00-D | D19: ARM RECLINING ADJUSTER RELEASE RH | E19: 100 | F19: =+G19/E19 -> 10 | G19: 1000 | H19: 9 | I19: =H19*100 -> 900 | J19: =F19+H19 -> 19 | K19: =G19+I19 -> 1900
A20: 4 | B20: YDT-008 | C20: 72516-X1F02-00-D | D20: ARM RECLINING ADJUSTER RELEASE LH | E20: 100 | F20: =+G20/E20 -> 10 | G20: 1000 | H20: 9 | I20: =H20*100 -> 900 | J20: =F20+H20 -> 19 | K20: =G20+I20 -> 1900
C24: YARNAPUND DAISO(THAILAND)CO.,LTD | E24: TOYOTA BOSHOKU SIAM METAL(THAILAND)CO.,LTD
B26: Chairot P.
B28: Date. | C28: 28/02/2011 | E28: Date.

Sheet YDT_Mar.10
B2: YARNAPUND DAISO (THAILAND) CO., LTD.
B4: 700/507 Moo. 2 T. Bannkao A. Phanthong Chonburi 20160
D6: Tel. : 038-454717-9 | F6: Fax. : 038-454721
A9: TO. : K. TIK (ARST) | D9: FAX NO. : 038-210-018
A11: FROM : K. PAYAB (YDT)
A14: STOCK CARD ARST.
A15: On 31 March 2010
A18: ITEM | B18: PART CODE | C18: PART NO. | D18: PART NAME | E18: PACKING (pcs.) | F18: SAFETY STOCK YDT (pcs.) | G18: PART RECEIVE 31-3-10 (pcs.) | H18: TOTAL (box) | I18: TOTAL (pcs.)
A19: 1 | B19: YDT-001 | C19: 72516-X1400-00-F | D19: ARM RECLINING ADJUSTER RELEASE LH | E19: 100 | F19: 0 | G19: 200 | H19: 2 | I19: 200
A20: 2 | B20: YDT-002 | C20: 72515-X1400-00-F | D20: ARM RECLINING ADJUSTER RELEASE RH | E20: 100 | F20: 0 | G20: 100 | H20: 1 | I20: 100
A21: 3 | B21: YDT-007 | C21: 72515-X1F02-00-D | D21: ARM RECLINING ADJUSTER RELEASE RH | E21: 100 | F21: 1000 | G21: 600 | H21: 16 | I21: 1600
A22: 4 | B22: YDT-008 | C22: 72516-X1F02-00-D | D22: ARM RECLINING ADJUSTER RELEASE LH | E22: 100 | F22: 1000 | G22: 600 | H22: 16 | I22: 1600
B26: Yarnapund Daiso ( Thailand ) Co., Ltd. | E26: ARST. ( Thailand ) Co., Ltd.
B33: Date. | E33: Date.

Sheet YDT_Apr.10
B2: YARNAPUND DAISO (THAILAND) CO., LTD.
B4: 700/507 Moo. 2 T. Bannkao A. Phanthong Chonburi 20160
D6: Tel. : 038-454717-9 | F6: Fax. : 038-454721
A9: TO. : K. TIK ,Veerasak ( TBSM ) | D9: FAX NO. : 038-210-018
A11: FROM : K. PAYAB ( YDT )
A14: STOCK CARD TBSM.
A15: On 30 April 2010
A18: ITEM | B18: PART CODE | C18: PART NO. | D18: PART NAME | E18: PACKING (pcs.) | F18: SAFETY STOCK YDT (pcs.) | G18: PART RECEIVE 30-4-10 (pcs.) | H18: TOTAL (box) | I18: TOTAL (pcs.)
A19: 1 | B19: YDT-001 | C19: 72516-X1400-00-F | D19: ARM RECLINING ADJUSTER RELEASE LH | E19: 100 | F19: 0 | G19: 200 | H19: 2 | I19: 200
A20: 2 | B20: YDT-002 | C20: 72515-X1400-00-F | D20: ARM RECLINING ADJUSTER RELEASE RH | E20: 100 | F20: 0 | G20: 100 | H20: 1 | I20: 100
A21: 3 | B21: YDT-007 | C21: 72515-X1F02-00-D | D21: ARM RECLINING ADJUSTER RELEASE RH | E21: 100 | F21: 1000 | G21: 700 | H21: 17 | I21: 1700
A22: 4 | B22: YDT-008 | C22: 72516-X1F02-00-D | D22: ARM RECLINING ADJUSTER RELEASE LH | E22: 100 | F22: 1000 | G22: 700 | H22: 17 | I22: 1700
B26: Yarnapund Daiso ( Thailand ) Co., Ltd. | E26: Toyota Boshoku Siam Metal ( Thailand ) Co., Ltd.
B33: Date. | E33: Date.

Sheet YDT_May.10
B2: YARNAPUND DAISO (THAILAND) CO., LTD.
B4: 700/507 Moo. 2 T. Bannkao A. Phanthong Chonburi 20160
D6: Tel. : 038-454717-9 | G6: Fax. : 038-454721
A9: TO. : K. TIK ,Veerasak ( TBSM ) | D9: FAX NO. : 038-210-018
A11: FROM : K. PAYAB ( YDT )
A14: STOCK CARD TBSM.
A15: On 31 MAY 2010
A18: ITEM | B18: PART CODE | C18: PART NO. | D18: PART NAME | E18: PACKING (pcs.) | F18: SAFETY STOCK YDT (pcs.) | H18: PART RECEIVE 31-5-10 | J18: TOTAL STOCK
F19: Boxes | G19: Pcs | H19: Boxes | I19: Pcs | J19: Boxes | K19: Pcs
A20: 1 | B20: YDT-001 | C20: 72516-X1400-00-F | D20: ARM RECLINING ADJUSTER RELEASE LH | E20: 100 | F20: =+G20/E20 -> 0 | G20: 0 | H20: 0 | J20: 0 | K20: =+H20+G20 -> 0
A21: 2 | B21: YDT-002 | C21: 72515-X1400-00-F | D21: ARM RECLINING ADJUSTER RELEASE RH | E21: 100 | F21: =+G21/E21 -> 0 | G21: 0 | H21: 0 | J21: 0 | K21: =+H21+G21 -> 0
A22: 3 | B22: YDT-007 | C22: 72515-X1F02-00-D | D22: ARM RECLINING ADJUSTER RELEASE RH | E22: 100 | F22: =+G22/E22 -> 10 | G22: 1000 | H22: 0 | J22: 0 | K22: =+H22+G22 -> 1000
A23: 4 | B23: YDT-008 | C23: 72516-X1F02-00-D | D23: ARM RECLINING ADJUSTER RELEASE LH | E23: 100 | F23: =+G23/E23 -> 10 | G23: 1000 | H23: 0 | J23: 0 | K23: =+H23+G23 -> 1000
B27: Yarnapund Daiso ( Thailand ) Co., Ltd. | E27: Toyota Boshoku Siam Metal. ( Thailand ) Co., Ltd.
B29: Payab P. | E29: K.Sirirat ( TIK )
B31: Date. | C31: 31/5/2010 | E31: Date.

Sheet YDT_Jun.10
B2: YARNAPUND DAISO (THAILAND) CO., LTD.
B4: 700/507 Moo. 2 T. Bannkao A. Phanthong Chonburi 20160
D6: Tel. : 038-454717-9 | F6: Fax. : 038-454721
A9: TO. : K. TIK ( TBSM ) | D9: FAX NO. : 038-210-018
A11: FROM : K. PAYAB ( YDT )
A14: STOCK CARD TBSM.
A15: On 30 June 2010
A18: ITEM | B18: PART CODE | C18: PART NO. | D18: PART NAME | E18: PACKING (pcs.) | F18: SAFETY STOCK YDT (pcs.) | G18: PART RECEIVE 30-6-10 (pcs.) | H18: TOTAL (box) | I18: TOTAL (pcs.)
A19: 1 | B19: YDT-001 | C19: 72516-X1400-00-F | D19: ARM RECLINING ADJUSTER RELEASE LH | E19: 100 | F19: 0 | G19: 100 | H19: 1 | I19: 100
A20: 2 | B20: YDT-002 | C20: 72515-X1400-00-F | D20: ARM RECLINING ADJUSTER RELEASE RH | E20: 100 | F20: 0 | G20: 200 | H20: 2 | I20: 200
A21: 3 | B21: YDT-007 | C21: 72515-X1F02-00-D | D21: ARM RECLINING ADJUSTER RELEASE RH | E21: 100 | F21: 1000 | G21: 600 | H21: 16 | I21: 1600
A22: 4 | B22: YDT-008 | C22: 72516-X1F02-00-D | D22: ARM RECLINING ADJUSTER RELEASE LH | E22: 100 | F22: 1000 | G22: 700 | H22: 17 | I22: 1700
B26: Yarnapund Daiso ( Thailand ) Co., Ltd. | E26: Toyota Boshoku Siam Metal. ( Thailand ) Co., Ltd.
B33: Date. | E33: Date.

Sheet YDT_Jul.10
B2: YARNAPUND DAISO (THAILAND) CO., LTD.
B4: 700/507 Moo. 2 T. Bannkao A. Phanthong Chonburi 20160
D6: Tel. : 038-454717-9 | G6: Fax. : 038-454721
A9: TO. : K. TIK ,Veerasak ( TBSM ) | D9: FAX NO. : 038-210-018
A11: FROM : K. PAYAB ( YDT )
A14: STOCK CARD TBSM.
A15: On 31 July 2010
A18: ITEM | B18: PART CODE | C18: PART NO. | D18: PART NAME | E18: PACKING (pcs.) | F18: SAFETY STOCK YDT (pcs.) | H18: PART RECEIVE 30-7-10 | J18: TOTAL STOCK
F19: Boxes | G19: Pcs | H19: Boxes | I19: Pcs | J19: Boxes | K19: Pcs
A20: 1 | B20: YDT-001 | C20: 72516-X1400-00-F | D20: ARM RECLINING ADJUSTER RELEASE LH | E20: 100 | F20: =+G20/E20 -> 0 | G20: 0 | H20: 2 | I20: =H20*100 -> 200 | J20: =F20+H20 -> 2 | K20: =G20+I20 -> 200
A21: 2 | B21: YDT-002 | C21: 72515-X1400-00-F | D21: ARM RECLINING ADJUSTER RELEASE RH | E21: 100 | F21: =+G21/E21 -> 0 | G21: 0 | H21: 1 | I21: =H21*100 -> 100 | J21: =F21+H21 -> 1 | K21: =G21+I21 -> 100
A22: 3 | B22: YDT-007 | C22: 72515-X1F02-00-D | D22: ARM RECLINING ADJUSTER RELEASE RH | E22: 100 | F22: =+G22/E22 -> 10 | G22: 1000 | H22: 2 | I22: =H22*100 -> 200 | J22: =F22+H22 -> 12 | K22: =G22+I22 -> 1200
A23: 4 | B23: YDT-008 | C23: 72516-X1F02-00-D | D23: ARM RECLINING ADJUSTER RELEASE LH | E23: 100 | F23: =+G23/E23 -> 10 | G23: 1000 | H23: 3 | I23: =H23*100 -> 300 | J23: =F23+H23 -> 13 | K23: =G23+I23 -> 1300
B27: Yarnapund Daiso ( Thailand ) Co., Ltd. | E27: Toyota Boshoku Siam Metal. ( Thailand ) Co., Ltd.
B29: Payab P.
B31: Date. | C31: 30/7/2010 | E31: Date.

Sheet YDT_Aug.10
B2: YARNAPUND DAISO (THAILAND) CO., LTD.
B4: 700/507 Moo. 2 T. Bannkao A. Phanthong Chonburi 20160
D6: Tel. : 038-454717-9 | F6: Fax. : 038-454721
A8: ATTN : K. TIK ,Veerasak ( TBSM ) | E8: FAX NO. : 038-210-018
A9: FROM : K. PAYAB ( YDT )
A11: STOCK CARD TBSM.
A12: On 31 Aug 2010
A15: ITEM | B15: PART CODE | C15: PART NO. | D15: PART NAME | E15: PACKING (pcs.) | F15: SAFETY STOCK YDT (pcs.) | H15: PART RECEIVE 31-8-10 | J15: TOTAL STOCK
F16: Boxes | G16: Pcs | H16: Boxes | I16: Pcs | J16: Boxes | K16: Pcs
A17: 1 | B17: YDT-001 | C17: 72516-X1400-00-F | D17: ARM RECLINING ADJUSTER RELEASE LH | E17: 100 | F17: =+G17/E17 -> 0 | G17: 0 | H17: 4 | I17: =H17*100 -> 400 | J17: =F17+H17 -> 4 | K17: =G17+I17 -> 400
A18: 2 | B18: YDT-002 | C18: 72515-X1400-00-F | D18: ARM RECLINING ADJUSTER RELEASE RH | E18: 100 | F18: =+G18/E18 -> 0 | G18: 0 | H18: 4 | I18: =H18*100 -> 400 | J18: =F18+H18 -> 4 | K18: =G18+I18 -> 400
A19: 3 | B19: YDT-007 | C19: 72515-X1F02-00-D | D19: ARM RECLINING ADJUSTER RELEASE RH | E19: 100 | F19: =+G19/E19 -> 10 | G19: 1000 | H19: 8 | I19: =H19*100 -> 800 | J19: =F19+H19 -> 18 | K19: =G19+I19 -> 1800
A20: 4 | B20: YDT-008 | C20: 72516-X1F02-00-D | D20: ARM RECLINING ADJUSTER RELEASE LH | E20: 100 | F20: =+G20/E20 -> 10 | G20: 1000 | H20: 8 | I20: =H20*100 -> 800 | J20: =F20+H20 -> 18 | K20: =G20+I20 -> 1800
C24: YARNAPUND DAISO(THAILAND)CO.,LTD | E24: TOYOTA BOSHOKU SIAM METAL(THAILAND)CO.,LTD
B26: Payab P.
B28: Date. | C28: 31/8/2010 | E28: Date.

Sheet YDT_Oct.10
B2: YARNAPUND DAISO (THAILAND) CO., LTD.
B4: 700/507 Moo. 2 T. Bannkao A. Phanthong Chonburi 20160
D6: Tel. : 038-454717-9 | F6: Fax. : 038-454721
A8: ATTN : K. TIK ,Veerasak ( TBSM ) | E8: FAX NO. : 038-210-018
A9: FROM : K. PAYAB ( YDT )
A11: STOCK CARD TBSM.
A12: On 29 Oct 2010
A15: ITEM | B15: PART CODE | C15: PART NO. | D15: PART NAME | E15: PACKING (pcs.) | F15: SAFETY STOCK YDT (pcs.) | H15: PART RECEIVE 29-10-10 | J15: TOTAL STOCK
F16: Boxes | G16: Pcs | H16: Boxes | I16: Pcs | J16: Boxes | K16: Pcs
A17: 1 | B17: YDT-001 | C17: 72516-X1400-00-F | D17: ARM RECLINING ADJUSTER RELEASE LH | E17: 100 | F17: =+G17/E17 -> 0 | G17: 0 | H17: 2 | I17: =H17*100 -> 200 | J17: =F17+H17 -> 2 | K17: =G17+I17 -> 200
A18: 2 | B18: YDT-002 | C18: 72515-X1400-00-F | D18: ARM RECLINING ADJUSTER RELEASE RH | E18: 100 | F18: =+G18/E18 -> 0 | G18: 0 | H18: 2 | I18: =H18*100 -> 200 | J18: =F18+H18 -> 2 | K18: =G18+I18 -> 200
A19: 3 | B19: YDT-007 | C19: 72515-X1F02-00-D | D19: ARM RECLINING ADJUSTER RELEASE RH | E19: 100 | F19: =+G19/E19 -> 10 | G19: 1000 | H19: 7 | I19: =H19*100 -> 700 | J19: =F19+H19 -> 17 | K19: =G19+I19 -> 1700
A20: 4 | B20: YDT-008 | C20: 72516-X1F02-00-D | D20: ARM RECLINING ADJUSTER RELEASE LH | E20: 100 | F20: =+G20/E20 -> 10 | G20: 1000 | H20: 7 | I20: =H20*100 -> 700 | J20: =F20+H20 -> 17 | K20: =G20+I20 -> 1700
C24: YARNAPUND DAISO(THAILAND)CO.,LTD | E24: TOYOTA BOSHOKU SIAM METAL(THAILAND)CO.,LTD
B26: Payab P.
B28: Date. | C28: 29/10/2010 | E28: Date.

Sheet YDT_Nov.10
B2: YARNAPUND DAISO (THAILAND) CO., LTD.
B4: 700/507 Moo. 2 T. Bannkao A. Phanthong Chonburi 20160
D6: Tel. : 038-454717-9 | F6: Fax. : 038-454721
A8: ATTN : K. TIK ,Veerasak ( TBSM ) | E8: FAX NO. : 038-210-018
A9: FROM : K. CHAIROT ( YDT )
A11: STOCK CARD TBSM.
A12: On 30 Nov 2010
A15: ITEM | B15: PART CODE | C15: PART NO. | D15: PART NAME | E15: PACKING (pcs.) | F15: SAFETY STOCK YDT (pcs.) | H15: PART RECEIVE 30-11-10 | J15: TOTAL STOCK
F16: Boxes | G16: Pcs | H16: Boxes | I16: Pcs | J16: Boxes | K16: Pcs
A17: 1 | B17: YDT-001 | C17: 72516-X1400-00-F | D17: ARM RECLINING ADJUSTER RELEASE LH | E17: 100 | F17: =+G17/E17 -> 0 | G17: 0 | H17: 2 | I17: =H17*100 -> 200 | J17: =F17+H17 -> 2 | K17: =G17+I17 -> 200
A18: 2 | B18: YDT-002 | C18: 72515-X1400-00-F | D18: ARM RECLINING ADJUSTER RELEASE RH | E18: 100 | F18: =+G18/E18 -> 0 | G18: 0 | H18: 2 | I18: =H18*100 -> 200 | J18: =F18+H18 -> 2 | K18: =G18+I18 -> 200
A19: 3 | B19: YDT-007 | C19: 72515-X1F02-00-D | D19: ARM RECLINING ADJUSTER RELEASE RH | E19: 100 | F19: =+G19/E19 -> 10 | G19: 1000 | H19: 6 | I19: =H19*100 -> 600 | J19: =F19+H19 -> 16 | K19: =G19+I19 -> 1600
A20: 4 | B20: YDT-008 | C20: 72516-X1F02-00-D | D20: ARM RECLINING ADJUSTER RELEASE LH | E20: 100 | F20: =+G20/E20 -> 10 | G20: 1000 | H20: 7 | I20: =H20*100 -> 700 | J20: =F20+H20 -> 17 | K20: =G20+I20 -> 1700
C24: YARNAPUND DAISO(THAILAND)CO.,LTD | E24: TOYOTA BOSHOKU SIAM METAL(THAILAND)CO.,LTD
B26: Chairot P.
B28: Date. | C28: 30/11/2010 | E28: Date.

Sheet YDT_Dec.10
B2: YARNAPUND DAISO (THAILAND) CO., LTD.
B4: 700/507 Moo. 2 T. Bannkao A. Phanthong Chonburi 20160
D6: Tel. : 038-454717-9 | F6: Fax. : 038-454721
A8: ATTN : K. TIK ,Veerasak ( TBSM ) | E8: FAX NO. : 038-210-018
A9: FROM : K. CHAIROT ( YDT )
A11: STOCK CARD TBSM.
A12: On 30 Dec 2010
A15: ITEM | B15: PART CODE | C15: PART NO. | D15: PART NAME | E15: PACKING (pcs.) | F15: SAFETY STOCK YDT (pcs.) | H15: PART RECEIVE 30-12-10 | J15: TOTAL STOCK
F16: Boxes | G16: Pcs | H16: Boxes | I16: Pcs | J16: Boxes | K16: Pcs
A17: 1 | B17: YDT-001 | C17: 72516-X1400-00-F | D17: ARM RECLINING ADJUSTER RELEASE LH | E17: 100 | F17: =+G17/E17 -> 0 | G17: 0 | H17: 2 | I17: =H17*100 -> 200 | J17: =F17+H17 -> 2 | K17: =G17+I17 -> 200
A18: 2 | B18: YDT-002 | C18: 72515-X1400-00-F | D18: ARM RECLINING ADJUSTER RELEASE RH | E18: 100 | F18: =+G18/E18 -> 0 | G18: 0 | H18: 3 | I18: =H18*100 -> 300 | J18: =F18+H18 -> 3 | K18: =G18+I18 -> 300
A19: 3 | B19: YDT-007 | C19: 72515-X1F02-00-D | D19: ARM RECLINING ADJUSTER RELEASE RH | E19: 100 | F19: =+G19/E19 -> 10 | G19: 1000 | H19: 6 | I19: =H19*100 -> 600 | J19: =F19+H19 -> 16 | K19: =G19+I19 -> 1600
A20: 4 | B20: YDT-008 | C20: 72516-X1F02-00-D | D20: ARM RECLINING ADJUSTER RELEASE LH | E20: 100 | F20: =+G20/E20 -> 10 | G20: 1000 | H20: 6 | I20: =H20*100 -> 600 | J20: =F20+H20 -> 16 | K20: =G20+I20 -> 1600
C24: YARNAPUND DAISO(THAILAND)CO.,LTD | E24: TOYOTA BOSHOKU SIAM METAL(THAILAND)CO.,LTD
B26: Chairot P.
B28: Date. | C28: 30/12/2010 | E28: Date.

Sheet YDT_Jan.11
B2: YARNAPUND DAISO (THAILAND) CO., LTD.
B4: 700/507 Moo. 2 T. Bannkao A. Phanthong Chonburi 20160
D6: Tel. : 038-454717-9 | F6: Fax. : 038-454721
A8: ATTN : K. TIK ,Veerasak ( TBSM ) | E8: FAX NO. : 038-210-018
A9: FROM : K. CHAIROT ( YDT )
A11: STOCK CARD TBSM.
A12: On 31 JAN 2011
A15: ITEM | B15: PART CODE | C15: PART NO. | D15: PART NAME | E15: PACKING (pcs.) | F15: SAFETY STOCK YDT (pcs.) | H15: PART RECEIVE 31-01-11 | J15: TOTAL STOCK
F16: Boxes | G16: Pcs | H16: Boxes | I16: Pcs | J16: Boxes | K16: Pcs
A17: 1 | B17: YDT-001 | C17: 72516-X1400-00-F | D17: ARM RECLINING ADJUSTER RELEASE LH | E17: 100 | F17: =+G17/E17 -> 0 | G17: 0 | H17: 2 | I17: =H17*100 -> 200 | J17: =F17+H17 -> 2 | K17: =G17+I17 -> 200
A18: 2 | B18: YDT-002 | C18: 72515-X1400-00-F | D18: ARM RECLINING ADJUSTER RELEASE RH | E18: 100 | F18: =+G18/E18 -> 0 | G18: 0 | H18: 2 | I18: =H18*100 -> 200 | J18: =F18+H18 -> 2 | K18: =G18+I18 -> 200
A19: 3 | B19: YDT-007 | C19: 72515-X1F02-00-D | D19: ARM RECLINING ADJUSTER RELEASE RH | E19: 100 | F19: =+G19/E19 -> 10 | G19: 1000 | H19: 4 | I19: =H19*100 -> 400 | J19: =F19+H19 -> 14 | K19: =G19+I19 -> 1400
A20: 4 | B20: YDT-008 | C20: 72516-X1F02-00-D | D20: ARM RECLINING ADJUSTER RELEASE LH | E20: 100 | F20: =+G20/E20 -> 10 | G20: 1000 | H20: 4 | I20: =H20*100 -> 400 | J20: =F20+H20 -> 14 | K20: =G20+I20 -> 1400
C24: YARNAPUND DAISO(THAILAND)CO.,LTD | E24: TOYOTA BOSHOKU SIAM METAL(THAILAND)CO.,LTD
B26: Chairot P.
B28: Date. | C28: 02/02/2011 | E28: Date.

Sheet Part_Ending Check
A1: Raw Matetial | C1: =#REF! -> #REF! | N1: Ending - Beg. | O1: % Ending | P1: Ending Up | Q1: Ending Down | R1: Ending
A2: Supplier | B2: Back_No. | C2: Parts_No. | D2: Parts_Name | E2: Qty_per_Pallet | F2: Q'ty Beginning | G2: Q'ty Purchase | H2: Q'ty Stamping | I2: Q'ty Out from W/H | J2: Q'ty Ending | K2: Unit Cost | L2: Amount (THB) | N2: Q'ty | O2: Up / Down | P2: >= 30% | Q2: <=-30% | R2: Diff Amount (THB)
A3: A010-1 | B3: AOY001 | C3: 72641-0K020 | D3: RIVET | E3: 2000 | F3: =SUMIF(#REF!,B3,#REF!) -> #REF! | G3: =SUMIF(#REF!,B3,#REF!) -> #REF! | H3: =SUMIF(#REF!,B3,#REF!) -> #REF! | I3: =SUMIF(#REF!,B3,#REF!)*-1 -> #REF! | J3: =SUM(F3:I3) -> #REF! | K3: =VLOOKUP(B3,#REF!,21,0) -> #REF! | L3: =J3*K3 -> #REF! | M3: Parts | N3: =J3-F3 -> #REF! | O3: =IF(ISERROR(IF(N3=0,0,(N3/F3))),"New Stock",(IF(N3=0,0,(N3/F3)))) -> New Stock | P3: =IF(O3>=30%,O3,"-") -> New Stock | Q3: =IF(O3<=-30%,O3,"-") -> - | R3: =N3*K3 -> #REF!
A4: A010-1 | B4: AOY002 | C4: 90174-T0003 | D4: NUT WELD | E4: 1000 | F4: =SUMIF(#REF!,B4,#REF!) -> #REF! | G4: =SUMIF(#REF!,B4,#REF!) -> #REF! | H4: =SUMIF(#REF!,B4,#REF!) -> #REF! | I4: =SUMIF(#REF!,B4,#REF!)*-1 -> #REF! | J4: =SUM(F4:I4) -> #REF! | K4: =VLOOKUP(B4,#REF!,21,0) -> #REF! | L4: =J4*K4 -> #REF! | M4: Parts | N4: =J4-F4 -> #REF! | O4: =IF(ISERROR(IF(N4=0,0,(N4/F4))),"New Stock",(IF(N4=0,0,(N4/F4)))) -> New Stock | P4: =IF(O4>=30%,O4,"-") -> New Stock | Q4: =IF(O4<=-30%,O4,"-") -> - | R4: =N4*K4 -> #REF!
A5: A010-1 | B5: AOY003 | C5: 90174-T0004 | D5: NUT WELD | E5: 500 | F5: =SUMIF(#REF!,B5,#REF!) -> #REF! | G5: =SUMIF(#REF!,B5,#REF!) -> #REF! | H5: =SUMIF(#REF!,B5,#REF!) -> #REF! | I5: =SUMIF(#REF!,B5,#REF!)*-1 -> #REF! | J5: =SUM(F5:I5) -> #REF! | K5: =VLOOKUP(B5,#REF!,21,0) -> #REF! | L5: =J5*K5 -> #REF! | M5: Parts | N5: =J5-F5 -> #REF! | O5: =IF(ISERROR(IF(N5=0,0,(N5/F5))),"New Stock",(IF(N5=0,0,(N5/F5)))) -> New Stock | P5: =IF(O5>=30%,O5,"-") -> New Stock | Q5: =IF(O5<=-30%,O5,"-") -> - | R5: =N5*K5 -> #REF!
A6: A010-1 | B6: AOY004 | C6: 90174-08039 | D6: NUT WELD | E6: 2000 | F6: =SUMIF(#REF!,B6,#REF!) -> #REF! | G6: =SUMIF(#REF!,B6,#REF!) -> #REF! | H6: =SUMIF(#REF!,B6,#REF!) -> #REF! | I6: =SUMIF(#REF!,B6,#REF!)*-1 -> #REF! | J6: =SUM(F6:I6) -> #REF! | K6: =VLOOKUP(B6,#REF!,21,0) -> #REF! | L6: =J6*K6 -> #REF! | M6: Parts | N6: =J6-F6 -> #REF! | O6: =IF(ISERROR(IF(N6=0,0,(N6/F6))),"New Stock",(IF(N6=0,0,(N6/F6)))) -> New Stock | P6: =IF(O6>=30%,O6,"-") -> New Stock | Q6: =IF(O6<=-30%,O6,"-") -> - | R6: =N6*K6 -> #REF!
A7: B001-1 | B7: BTS010 | C7: 71897-X7A01 | D7: HOOK SEAT COVER SIDE | E7: 500 | F7: =SUMIF(#REF!,B7,#REF!) -> #REF! | G7: =SUMIF(#REF!,B7,#REF!) -> #REF! | H7: =SUMIF(#REF!,B7,#REF!) -> #REF! | I7: =SUMIF(#REF!,B7,#REF!)*-1 -> #REF! | J7: =SUM(F7:I7) -> #REF! | K7: =VLOOKUP(B7,#REF!,21,0) -> #REF! | L7: =J7*K7 -> #REF! | M7: Parts | N7: =J7-F7 -> #REF! | O7: =IF(ISERROR(IF(N7=0,0,(N7/F7))),"New Stock",(IF(N7=0,0,(N7/F7)))) -> New Stock | P7: =IF(O7>=30%,O7,"-") -> New Stock | Q7: =IF(O7<=-30%,O7,"-") -> - | R7: =N7*K7 -> #REF!
A8: B001-1 | B8: BTS011 | C8: 72558-X7A00 | D8: STOPPER RECLINING | E8: 200 | F8: =SUMIF(#REF!,B8,#REF!) -> #REF! | G8: =SUMIF(#REF!,B8,#REF!) -> #REF! | H8: =SUMIF(#REF!,B8,#REF!) -> #REF! | I8: =SUMIF(#REF!,B8,#REF!)*-1 -> #REF! | J8: =SUM(F8:I8) -> #REF! | K8: =VLOOKUP(B8,#REF!,21,0) -> #REF! | L8: =J8*K8 -> #REF! | M8: Parts | N8: =J8-F8 -> #REF! | O8: =IF(ISERROR(IF(N8=0,0,(N8/F8))),"New Stock",(IF(N8=0,0,(N8/F8)))) -> New Stock | P8: =IF(O8>=30%,O8,"-") -> New Stock | Q8: =IF(O8<=-30%,O8,"-") -> - | R8: =N8*K8 -> #REF!
A9: B001-1 | B9: BTS012 | C9: 72558-X7A01 | D9: STOPPER RECLINING | E9: 200 | F9: =SUMIF(#REF!,B9,#REF!) -> #REF! | G9: =SUMIF(#REF!,B9,#REF!) -> #REF! | H9: =SUMIF(#REF!,B9,#REF!) -> #REF! | I9: =SUMIF(#REF!,B9,#REF!)*-1 -> #REF! | J9: =SUM(F9:I9) -> #REF! | K9: =VLOOKUP(B9,#REF!,21,0) -> #REF! | L9: =J9*K9 -> #REF! | M9: Parts | N9: =J9-F9 -> #REF! | O9: =IF(ISERROR(IF(N9=0,0,(N9/F9))),"New Stock",(IF(N9=0,0,(N9/F9)))) -> New Stock | P9: =IF(O9>=30%,O9,"-") -> New Stock | Q9: =IF(O9<=-30%,O9,"-") -> - | R9: =N9*K9 -> #REF!
A10: B001-1 | B10: BTS013 | C10: 72777-X7A00 | D10: PLATE RR SEAT RECLINING BRACKET | E10: 400 | F10: =SUMIF(#REF!,B10,#REF!) -> #REF! | G10: =SUMIF(#REF!,B10,#REF!) -> #REF! | H10: =SUMIF(#REF!,B10,#REF!) -> #REF! | I10: =SUMIF(#REF!,B10,#REF!)*-1 -> #REF! | J10: =SUM(F10:I10) -> #REF! | K10: =VLOOKUP(B10,#REF!,21,0) -> #REF! | L10: =J10*K10 -> #REF! | M10: Parts | N10: =J10-F10 -> #REF! | O10: =IF(ISERROR(IF(N10=0,0,(N10/F10))),"New Stock",(IF(N10=0,0,(N10/F10)))) -> New Stock | P10: =IF(O10>=30%,O10,"-") -> New Stock | Q10: =IF(O10<=-30%,O10,"-") -> - | R10: =N10*K10 -> #REF!
A11: B001-1 | B11: BTS014 | C11: 72777-X7A01 | D11: PLATE RR SEAT RECLINING BRACKET | E11: 400 | F11: =SUMIF(#REF!,B11,#REF!) -> #REF! | G11: =SUMIF(#REF!,B11,#REF!) -> #REF! | H11: =SUMIF(#REF!,B11,#REF!) -> #REF! | I11: =SUMIF(#REF!,B11,#REF!)*-1 -> #REF! | J11: =SUM(F11:I11) -> #REF! | K11: =VLOOKUP(B11,#REF!,21,0) -> #REF! | L11: =J11*K11 -> #REF! | M11: Parts | N11: =J11-F11 -> #REF! | O11: =IF(ISERROR(IF(N11=0,0,(N11/F11))),"New Stock",(IF(N11=0,0,(N11/F11)))) -> New Stock | P11: =IF(O11>=30%,O11,"-") -> New Stock | Q11: =IF(O11<=-30%,O11,"-") -> - | R11: =N11*K11 -> #REF!
A12: B001-1 | B12: BTS015 | C12: 72441-X7A00 | D12: LINK VERTICAL TRAVEL NO1 | E12: 100 | F12: =SUMIF(#REF!,B12,#REF!) -> #REF! | G12: =SUMIF(#REF!,B12,#REF!) -> #REF! | H12: =SUMIF(#REF!,B12,#REF!) -> #REF! | I12: =SUMIF(#REF!,B12,#REF!)*-1 -> #REF! | J12: =SUM(F12:I12) -> #REF! | K12: =VLOOKUP(B12,#REF!,21,0) -> #REF! | L12: =J12*K12 -> #REF! | M12: Parts | N12: =J12-F12 -> #REF! | O12: =IF(ISERROR(IF(N12=0,0,(N12/F12))),"New Stock",(IF(N12=0,0,(N12/F12)))) -> New Stock | P12: =IF(O12>=30%,O12,"-") -> New Stock | Q12: =IF(O12<=-30%,O12,"-") -> - | R12: =N12*K12 -> #REF!
A13: B001-1 | B13: BTS016 | C13: 72291-X7A00 | D13: PLATE SEAT TRACK MEMORY NO1 | E13: 200 | F13: =SUMIF(#REF!,B13,#REF!) -> #REF! | G13: =SUMIF(#REF!,B13,#REF!) -> #REF! | H13: =SUMIF(#REF!,B13,#REF!) -> #REF! | I13: =SUMIF(#REF!,B13,#REF!)*-1 -> #REF! | J13: =SUM(F13:I13) -> #REF! | K13: =VLOOKUP(B13,#REF!,21,0) -> #REF! | L13: =J13*K13 -> #REF! | M13: Parts | N13: =J13-F13 -> #REF! | O13: =IF(ISERROR(IF(N13=0,0,(N13/F13))),"New Stock",(IF(N13=0,0,(N13/F13)))) -> New Stock | P13: =IF(O13>=30%,O13,"-") -> New Stock | Q13: =IF(O13<=-30%,O13,"-") -> - | R13: =N13*K13 -> #REF!
A14: B001-1 | B14: BTS017 | C14: 72291-X7A02 | D14: PLATE SEAT TRACK MEMORY NO1 | E14: 1000 | F14: =SUMIF(#REF!,B14,#REF!) -> #REF! | G14: =SUMIF(#REF!,B14,#REF!) -> #REF! | H14: =SUMIF(#REF!,B14,#REF!) -> #REF! | I14: =SUMIF(#REF!,B14,#REF!)*-1 -> #REF! | J14: =SUM(F14:I14) -> #REF! | K14: =VLOOKUP(B14,#REF!,21,0) -> #REF! | L14: =J14*K14 -> #REF! | M14: Parts | N14: =J14-F14 -> #REF! | O14: =IF(ISERROR(IF(N14=0,0,(N14/F14))),"New Stock",(IF(N14=0,0,(N14/F14)))) -> New Stock | P14: =IF(O14>=30%,O14,"-") -> New Stock | Q14: =IF(O14<=-30%,O14,"-") -> - | R14: =N14*K14 -> #REF!
... A623: Z000-1 | B623: N32-29 | C623: 72534-X1Y02 | D623: PAW1 LH | E623: 0 | F623: =SUMIF(#REF!,B623,#REF!) -> #REF! | G623: =SUMIF(#REF!,B623,#REF!) -> #REF! | H623: =SUMIF(#REF!,B623,#REF!) -> #REF! | I623: =SUMIF(#REF!,B623,#REF!)*-1 -> #REF! | J623: =SUM(F623:I623) -> #REF! | K623: =VLOOKUP(B623,#REF!,21,0) -> #REF! | L623: =J623*K623 -> #REF! | M623: Press | N623: =J623-F623 -> #REF! | O623: =IF(ISERROR(IF(N623=0,0,(N623/F623))),"New Stock",(IF(N623=0,0,(N623/F623)))) -> New Stock | P623: =IF(O623>=30%,O623,"-") -> New Stock | Q623: =IF(O623<=-30%,O623,"-") -> - | R623: =N623*K623 -> #REF!
D625: TOTAL | F625: =SUM(F3:F624) -> #REF! | G625: =SUM(G3:G624) -> #REF! | H625: =SUM(H3:H624) -> #REF! | I625: =SUM(I3:I624) -> #REF! | J625: =SUM(J3:J624) -> #REF! | L625: =SUM(L3:L624) -> #REF! | N625: =SUM(N3:N624) -> #REF! | R625: =SUM(R3:R624) -> #REF!
D626: Percentage | F626: =F625/F625 -> #REF! | J626: =J625/F625 -> #REF! | N626: =N625/F625 -> #REF!
F627: =SUBTOTAL(9,F3:F624) -> #REF! | G627: =SUBTOTAL(9,G3:G624) -> #REF! | H627: =SUBTOTAL(9,H3:H624) -> #REF! | I627: =SUBTOTAL(9,I3:I624) -> #REF! | J627: =SUBTOTAL(9,J3:J624) -> #REF! | L627: =SUBTOTAL(9,L3:L624) -> #REF! | N627: =SUBTOTAL(9,N3:N624) -> #REF! | R627: =SUBTOTAL(9,R3:R624) -> #REF!
E629: Check | F629: =#REF! -> #REF! | G629: =#REF! -> #REF! | H629: =#REF! -> #REF! | I629: =#REF! -> #REF! | J629: =#REF! -> #REF! | L629: =#REF! -> #REF!
E630: Diff | F630: =F625-F629 -> #REF! | G630: =G625-G629 -> #REF! | H630: =H625-H629 -> #REF! | I630: =I625-I629 -> #REF! | J630: =J625-J629 -> #REF! | L630: =L625-L629 -> #REF!

Sheet FG_Ending Check
A1: Finish Goods | C1: =#REF! -> #REF! | K1: Ending - Beg. | L1: % Ending | M1: Ending Up | N1: Ending Down
A2: Back_No. | B2: Cus._FG_No. | C2: Cus._FG_Name | D2: Qty_per_Pallet | E2: Beginning | F2: FG_Production | G2: Sales | H2: NG | I2: Ending | J2: Model | K2: Q'ty | L2: Up / Down | M2: >= 30% | N2: <=-30%
A3: 030-05 | B3: 79030-0K010-E1 | C3: LEG ASSY RR NO2 RH | D3: 6 | E3: =SUMIF(#REF!,A3,#REF!) -> #REF! | F3: =SUMIF(#REF!,A3,#REF!) -> #REF! | G3: =SUMIF(#REF!,A3,#REF!)*-1 -> #REF! | H3: =SUMIF(#REF!,A3,#REF!)*-1 -> #REF! | I3: =SUM(E3:H3) -> #REF! | J3: =VLOOKUP(A3,#REF!,3,0) -> #REF! | K3: =I3-E3 -> #REF! | L3: =IF(ISERROR(IF(K3=0,0,(K3/E3))),"New Stock",(IF(K3=0,0,(K3/E3)))) -> New Stock | M3: =IF(L3>=30%,L3,"-") -> New Stock | N3: =IF(L3<=-30%,L3,"-") -> -
A4: 030-06 | B4: 79040-0K010-E1 | C4: LEG ASSY RR NO2 LH | D4: 6 | E4: =SUMIF(#REF!,A4,#REF!) -> #REF! | F4: =SUMIF(#REF!,A4,#REF!) -> #REF! | G4: =SUMIF(#REF!,A4,#REF!)*-1 -> #REF! | H4: =SUMIF(#REF!,A4,#REF!)*-1 -> #REF! | I4: =SUM(E4:H4) -> #REF! | J4: =VLOOKUP(A4,#REF!,3,0) -> #REF! | K4: =I4-E4 -> #REF! | L4: =IF(ISERROR(IF(K4=0,0,(K4/E4))),"New Stock",(IF(K4=0,0,(K4/E4)))) -> New Stock | M4: =IF(L4>=30%,L4,"-") -> New Stock | N4: =IF(L4<=-30%,L4,"-") -> -
A5: 030-07 | B5: 79030-0K010-E0 | C5: LEG ASSY RR NO2 RH | D5: 6 | E5: =SUMIF(#REF!,A5,#REF!) -> #REF! | F5: =SUMIF(#REF!,A5,#REF!) -> #REF! | G5: =SUMIF(#REF!,A5,#REF!)*-1 -> #REF! | H5: =SUMIF(#REF!,A5,#REF!)*-1 -> #REF! | I5: =SUM(E5:H5) -> #REF! | J5: =VLOOKUP(A5,#REF!,3,0) -> #REF! | K5: =I5-E5 -> #REF! | L5: =IF(ISERROR(IF(K5=0,0,(K5/E5))),"New Stock",(IF(K5=0,0,(K5/E5)))) -> New Stock | M5: =IF(L5>=30%,L5,"-") -> New Stock | N5: =IF(L5<=-30%,L5,"-") -> -
A6: 030-08 | B6: 79040-0K010-E0 | C6: LEG ASSY RR NO2 LH | D6: 6 | E6: =SUMIF(#REF!,A6,#REF!) -> #REF! | F6: =SUMIF(#REF!,A6,#REF!) -> #REF! | G6: =SUMIF(#REF!,A6,#REF!)*-1 -> #REF! | H6: =SUMIF(#REF!,A6,#REF!)*-1 -> #REF! | I6: =SUM(E6:H6) -> #REF! | J6: =VLOOKUP(A6,#REF!,3,0) -> #REF! | K6: =I6-E6 -> #REF! | L6: =IF(ISERROR(IF(K6=0,0,(K6/E6))),"New Stock",(IF(K6=0,0,(K6/E6)))) -> New Stock | M6: =IF(L6>=30%,L6,"-") -> New Stock | N6: =IF(L6<=-30%,L6,"-") -> -
A7: 150-13 | B7: 72503-X7A01 | C7: ARM SUB-ASSY, RECLINING ADJUSTER, LWR RH | D7: 12 | E7: =SUMIF(#REF!,A7,#REF!) -> #REF! | F7: =SUMIF(#REF!,A7,#REF!) -> #REF! | G7: =SUMIF(#REF!,A7,#REF!)*-1 -> #REF! | H7: =SUMIF(#REF!,A7,#REF!)*-1 -> #REF! | I7: =SUM(E7:H7) -> #REF! | J7: =VLOOKUP(A7,#REF!,3,0) -> #REF! | K7: =I7-E7 -> #REF! | L7: =IF(ISERROR(IF(K7=0,0,(K7/E7))),"New Stock",(IF(K7=0,0,(K7/E7)))) -> New Stock | M7: =IF(L7>=30%,L7,"-") -> New Stock | N7: =IF(L7<=-30%,L7,"-") -> -
A8: 150-14 | B8: 72504-X1410 | C8: ARM SUB-ASSY, RECLINING ADJUSTER, LWR LH | D8: 8 | E8: =SUMIF(#REF!,A8,#REF!) -> #REF! | F8: =SUMIF(#REF!,A8,#REF!) -> #REF! | G8: =SUMIF(#REF!,A8,#REF!)*-1 -> #REF! | H8: =SUMIF(#REF!,A8,#REF!)*-1 -> #REF! | I8: =SUM(E8:H8) -> #REF! | J8: =VLOOKUP(A8,#REF!,3,0) -> #REF! | K8: =I8-E8 -> #REF! | L8: =IF(ISERROR(IF(K8=0,0,(K8/E8))),"New Stock",(IF(K8=0,0,(K8/E8)))) -> New Stock | M8: =IF(L8>=30%,L8,"-") -> New Stock | N8: =IF(L8<=-30%,L8,"-") -> -
A9: 150-15 | B9: 72503-X7A02 | C9: ARM SUB-ASSY, RECLINING ADJUSTER, LWR RH | D9: 8 | E9: =SUMIF(#REF!,A9,#REF!) -> #REF! | F9: =SUMIF(#REF!,A9,#REF!) -> #REF! | G9: =SUMIF(#REF!,A9,#REF!)*-1 -> #REF! | H9: =SUMIF(#REF!,A9,#REF!)*-1 -> #REF! | I9: =SUM(E9:H9) -> #REF! | J9: =VLOOKUP(A9,#REF!,3,0) -> #REF! | K9: =I9-E9 -> #REF! | L9: =IF(ISERROR(IF(K9=0,0,(K9/E9))),"New Stock",(IF(K9=0,0,(K9/E9)))) -> New Stock | M9: =IF(L9>=30%,L9,"-") -> New Stock | N9: =IF(L9<=-30%,L9,"-") -> -
A10: 150-16 | B10: 72504-X1F05 | C10: ARM SUB-ASSY, RECLINING ADJUSTER, LWR LH | D10: 12 | E10: =SUMIF(#REF!,A10,#REF!) -> #REF! | F10: =SUMIF(#REF!,A10,#REF!) -> #REF! | G10: =SUMIF(#REF!,A10,#REF!)*-1 -> #REF! | H10: =SUMIF(#REF!,A10,#REF!)*-1 -> #REF! | I10: =SUM(E10:H10) -> #REF! | J10: =VLOOKUP(A10,#REF!,3,0) -> #REF! | K10: =I10-E10 -> #REF! | L10: =IF(ISERROR(IF(K10=0,0,(K10/E10))),"New Stock",(IF(K10=0,0,(K10/E10)))) -> New Stock | M10: =IF(L10>=30%,L10,"-") -> New Stock | N10: =IF(L10<=-30%,L10,"-") -> -
A11: 152-01 | B11: 72503-X1F00 | C11: ARM SUB-ASSY, RECLINING ADJUSTER, LWR RH | D11: 8 | E11: =SUMIF(#REF!,A11,#REF!) -> #REF! | F11: =SUMIF(#REF!,A11,#REF!) -> #REF! | G11: =SUMIF(#REF!,A11,#REF!)*-1 -> #REF! | H11: =SUMIF(#REF!,A11,#REF!)*-1 -> #REF! | I11: =SUM(E11:H11) -> #REF! | J11: =VLOOKUP(A11,#REF!,3,0) -> #REF! | K11: =I11-E11 -> #REF! | L11: =IF(ISERROR(IF(K11=0,0,(K11/E11))),"New Stock",(IF(K11=0,0,(K11/E11)))) -> New Stock | M11: =IF(L11>=30%,L11,"-") -> New Stock | N11: =IF(L11<=-30%,L11,"-") -> -
A12: 152-02 | B12: 72504-X1F00 | C12: ARM SUB-ASSY, RECLINING ADJUSTER, LWR LH | D12: 16 | E12: =SUMIF(#REF!,A12,#REF!) -> #REF! | F12: =SUMIF(#REF!,A12,#REF!) -> #REF! | G12: =SUMIF(#REF!,A12,#REF!)*-1 -> #REF! | H12: =SUMIF(#REF!,A12,#REF!)*-1 -> #REF! | I12: =SUM(E12:H12) -> #REF! | J12: =VLOOKUP(A12,#REF!,3,0) -> #REF! | K12: =I12-E12 -> #REF! | L12: =IF(ISERROR(IF(K12=0,0,(K12/E12))),"New Stock",(IF(K12=0,0,(K12/E12)))) -> New Stock | M12: =IF(L12>=30%,L12,"-") -> New Stock | N12: =IF(L12<=-30%,L12,"-") -> -
A13: 152-03 | B13: 72503-X1F01 | C13: ARM SUB-ASSY, RECLINING ADJUSTER, LWR RH | D13: 16 | E13: =SUMIF(#REF!,A13,#REF!) -> #REF! | F13: =SUMIF(#REF!,A13,#REF!) -> #REF! | G13: =SUMIF(#REF!,A13,#REF!)*-1 -> #REF! | H13: =SUMIF(#REF!,A13,#REF!)*-1 -> #REF! | I13: =SUM(E13:H13) -> #REF! | J13: =VLOOKUP(A13,#REF!,3,0) -> #REF! | K13: =I13-E13 -> #REF! | L13: =IF(ISERROR(IF(K13=0,0,(K13/E13))),"New Stock",(IF(K13=0,0,(K13/E13)))) -> New Stock | M13: =IF(L13>=30%,L13,"-") -> New Stock | N13: =IF(L13<=-30%,L13,"-") -> -
A14: 152-04 | B14: 72504-X1F01 | C14: ARM SUB-ASSY, RECLINING ADJUSTER, LWR LH | D14: 8 | E14: =SUMIF(#REF!,A14,#REF!) -> #REF! | F14: =SUMIF(#REF!,A14,#REF!) -> #REF! | G14: =SUMIF(#REF!,A14,#REF!)*-1 -> #REF! | H14: =SUMIF(#REF!,A14,#REF!)*-1 -> #REF! | I14: =SUM(E14:H14) -> #REF! | J14: =VLOOKUP(A14,#REF!,3,0) -> #REF! | K14: =I14-E14 -> #REF! | L14: =IF(ISERROR(IF(K14=0,0,(K14/E14))),"New Stock",(IF(K14=0,0,(K14/E14)))) -> New Stock | M14: =IF(L14>=30%,L14,"-") -> New Stock | N14: =IF(L14<=-30%,L14,"-") -> -
... A231: ZA0-31 | B231: 72693-0K040 | C231: HOOK REAR SEAT CUSHION LOCK | D231: 150 | E231: =SUMIF(#REF!,A231,#REF!) -> #REF! | F231: =SUMIF(#REF!,A231,#REF!) -> #REF! | G231: =SUMIF(#REF!,A231,#REF!)*-1 -> #REF! | H231: =SUMIF(#REF!,A231,#REF!)*-1 -> #REF! | I231: =SUM(E231:H231) -> #REF! | J231: =VLOOKUP(A231,#REF!,3,0) -> #REF! | K231: =I231-E231 -> #REF! | L231: =IF(ISERROR(IF(K231=0,0,(K231/E231))),"New Stock",(IF(K231=0,0,(K231/E231)))) -> New Stock | M231: =IF(L231>=30%,L231,"-") -> New Stock | N231: =IF(L231<=-30%,L231,"-") -> -
A232: ZA0-33 | B232: 72745-X7A02 | D232: 0 | E232: =SUMIF(#REF!,A232,#REF!) -> #REF! | F232: =SUMIF(#REF!,A232,#REF!) -> #REF! | G232: =SUMIF(#REF!,A232,#REF!)*-1 -> #REF! | H232: =SUMIF(#REF!,A232,#REF!)*-1 -> #REF! | I232: =SUM(E232:H232) -> #REF! | J232: =VLOOKUP(A232,#REF!,3,0) -> #REF! | K232: =I232-E232 -> #REF! | L232: =IF(ISERROR(IF(K232=0,0,(K232/E232))),"New Stock",(IF(K232=0,0,(K232/E232)))) -> New Stock | M232: =IF(L232>=30%,L232,"-") -> New Stock | N232: =IF(L232<=-30%,L232,"-") -> -
A233: ZA0-34 | B233: 72745-X7A02 | D233: 0 | E233: =SUMIF(#REF!,A233,#REF!) -> #REF! | F233: =SUMIF(#REF!,A233,#REF!) -> #REF! | G233: =SUMIF(#REF!,A233,#REF!)*-1 -> #REF! | H233: =SUMIF(#REF!,A233,#REF!)*-1 -> #REF! | I233: =SUM(E233:H233) -> #REF! | J233: =VLOOKUP(A233,#REF!,3,0) -> #REF! | K233: =I233-E233 -> #REF! | L233: =IF(ISERROR(IF(K233=0,0,(K233/E233))),"New Stock",(IF(K233=0,0,(K233/E233)))) -> New Stock | M233: =IF(L233>=30%,L233,"-") -> New Stock | N233: =IF(L233<=-30%,L233,"-") -> -
A234: ZA0-35 | B234: 72693-0K080 | C234: HOOK REAR SEAT CUSHION LOCK | D234: 100 | E234: =SUMIF(#REF!,A234,#REF!) -> #REF! | F234: =SUMIF(#REF!,A234,#REF!) -> #REF! | G234: =SUMIF(#REF!,A234,#REF!)*-1 -> #REF! | H234: =SUMIF(#REF!,A234,#REF!)*-1 -> #REF! | I234: =SUM(E234:H234) -> #REF! | J234: =VLOOKUP(A234,#REF!,3,0) -> #REF! | K234: =I234-E234 -> #REF! | L234: =IF(ISERROR(IF(K234=0,0,(K234/E234))),"New Stock",(IF(K234=0,0,(K234/E234)))) -> New Stock | M234: =IF(L234>=30%,L234,"-") -> New Stock | N234: =IF(L234<=-30%,L234,"-") -> -
A235: ZA0-36 | B235: 72692-0K030 | C235: RACHET REAR SEAT CUSHION LOCK | D235: 400 | E235: =SUMIF(#REF!,A235,#REF!) -> #REF! | F235: =SUMIF(#REF!,A235,#REF!) -> #REF! | G235: =SUMIF(#REF!,A235,#REF!)*-1 -> #REF! | H235: =SUMIF(#REF!,A235,#REF!)*-1 -> #REF! | I235: =SUM(E235:H235) -> #REF! | J235: =VLOOKUP(A235,#REF!,3,0) -> #REF! | K235: =I235-E235 -> #REF! | L235: =IF(ISERROR(IF(K235=0,0,(K235/E235))),"New Stock",(IF(K235=0,0,(K235/E235)))) -> New Stock | M235: =IF(L235>=30%,L235,"-") -> New Stock | N235: =IF(L235<=-30%,L235,"-") -> -
A236: ZA0-37 | B236: 72692-0K040 | C236: RACHET REAR SEAT CUSHION LOCK | D236: 400 | E236: =SUMIF(#REF!,A236,#REF!) -> #REF! | F236: =SUMIF(#REF!,A236,#REF!) -> #REF! | G236: =SUMIF(#REF!,A236,#REF!)*-1 -> #REF! | H236: =SUMIF(#REF!,A236,#REF!)*-1 -> #REF! | I236: =SUM(E236:H236) -> #REF! | J236: =VLOOKUP(A236,#REF!,3,0) -> #REF! | K236: =I236-E236 -> #REF! | L236: =IF(ISERROR(IF(K236=0,0,(K236/E236))),"New Stock",(IF(K236=0,0,(K236/E236)))) -> New Stock | M236: =IF(L236>=30%,L236,"-") -> New Stock | N236: =IF(L236<=-30%,L236,"-") -> -
A237: ZA0-38 | B237: 72692-0K050 | C237: RACHET REAR SEAT CUSHION LOCK | D237: 250 | E237: =SUMIF(#REF!,A237,#REF!) -> #REF! | F237: =SUMIF(#REF!,A237,#REF!) -> #REF! | G237: =SUMIF(#REF!,A237,#REF!)*-1 -> #REF! | H237: =SUMIF(#REF!,A237,#REF!)*-1 -> #REF! | I237: =SUM(E237:H237) -> #REF! | J237: =VLOOKUP(A237,#REF!,3,0) -> #REF! | K237: =I237-E237 -> #REF! | L237: =IF(ISERROR(IF(K237=0,0,(K237/E237))),"New Stock",(IF(K237=0,0,(K237/E237)))) -> New Stock | M237: =IF(L237>=30%,L237,"-") -> New Stock | N237: =IF(L237<=-30%,L237,"-") -> -
A238: ZA0-39 | B238: 72692-0K060 | C238: RACHET REAR SEAT CUSHION LOCK | D238: 400 | E238: =SUMIF(#REF!,A238,#REF!) -> #REF! | F238: =SUMIF(#REF!,A238,#REF!) -> #REF! | G238: =SUMIF(#REF!,A238,#REF!)*-1 -> #REF! | H238: =SUMIF(#REF!,A238,#REF!)*-1 -> #REF! | I238: =SUM(E238:H238) -> #REF! | J238: =VLOOKUP(A238,#REF!,3,0) -> #REF! | K238: =I238-E238 -> #REF! | L238: =IF(ISERROR(IF(K238=0,0,(K238/E238))),"New Stock",(IF(K238=0,0,(K238/E238)))) -> New Stock | M238: =IF(L238>=30%,L238,"-") -> New Stock | N238: =IF(L238<=-30%,L238,"-") -> -
A239: ZA0-40 | B239: 72693-0K050 | C239: HOOK REAR SEAT CUSHION LOCK | D239: 150 | E239: =SUMIF(#REF!,A239,#REF!) -> #REF! | F239: =SUMIF(#REF!,A239,#REF!) -> #REF! | G239: =SUMIF(#REF!,A239,#REF!)*-1 -> #REF! | H239: =SUMIF(#REF!,A239,#REF!)*-1 -> #REF! | I239: =SUM(E239:H239) -> #REF! | J239: =VLOOKUP(A239,#REF!,3,0) -> #REF! | K239: =I239-E239 -> #REF! | L239: =IF(ISERROR(IF(K239=0,0,(K239/E239))),"New Stock",(IF(K239=0,0,(K239/E239)))) -> New Stock | M239: =IF(L239>=30%,L239,"-") -> New Stock | N239: =IF(L239<=-30%,L239,"-") -> -
A240: ZA0-41 | B240: 72693-0K060 | C240: HOOK REAR SEAT CUSHION LOCK | D240: 150 | E240: =SUMIF(#REF!,A240,#REF!) -> #REF! | F240: =SUMIF(#REF!,A240,#REF!) -> #REF! | G240: =SUMIF(#REF!,A240,#REF!)*-1 -> #REF! | H240: =SUMIF(#REF!,A240,#REF!)*-1 -> #REF! | I240: =SUM(E240:H240) -> #REF! | J240: =VLOOKUP(A240,#REF!,3,0) -> #REF! | K240: =I240-E240 -> #REF! | L240: =IF(ISERROR(IF(K240=0,0,(K240/E240))),"New Stock",(IF(K240=0,0,(K240/E240)))) -> New Stock | M240: =IF(L240>=30%,L240,"-") -> New Stock | N240: =IF(L240<=-30%,L240,"-") -> -
A241: ZA0-42 | B241: 72693-0K070 | C241: HOOK REAR SEAT CUSHION LOCK | D241: 100 | E241: =SUMIF(#REF!,A241,#REF!) -> #REF! | F241: =SUMIF(#REF!,A241,#REF!) -> #REF! | G241: =SUMIF(#REF!,A241,#REF!)*-1 -> #REF! | H241: =SUMIF(#REF!,A241,#REF!)*-1 -> #REF! | I241: =SUM(E241:H241) -> #REF! | J241: =VLOOKUP(A241,#REF!,3,0) -> #REF! | K241: =I241-E241 -> #REF! | L241: =IF(ISERROR(IF(K241=0,0,(K241/E241))),"New Stock",(IF(K241=0,0,(K241/E241)))) -> New Stock | M241: =IF(L241>=30%,L241,"-") -> New Stock | N241: =IF(L241<=-30%,L241,"-") -> -
A242: ZA0-43 | B242: 71321-0K010 | C242: HING, RR SEAT CUSHION | D242: 30 | E242: =SUMIF(#REF!,A242,#REF!) -> #REF! | F242: =SUMIF(#REF!,A242,#REF!) -> #REF! | G242: =SUMIF(#REF!,A242,#REF!)*-1 -> #REF! | H242: =SUMIF(#REF!,A242,#REF!)*-1 -> #REF! | I242: =SUM(E242:H242) -> #REF! | J242: =VLOOKUP(A242,#REF!,3,0) -> #REF! | K242: =I242-E242 -> #REF! | L242: =IF(ISERROR(IF(K242=0,0,(K242/E242))),"New Stock",(IF(K242=0,0,(K242/E242)))) -> New Stock | M242: =IF(L242>=30%,L242,"-") -> New Stock | N242: =IF(L242<=-30%,L242,"-") -> -
A243: ZA0-44 | B243: 79121-0K010 | C243: BRACKET, No.1 SEAT CUSHION | D243: 500 | E243: =SUMIF(#REF!,A243,#REF!) -> #REF! | F243: =SUMIF(#REF!,A243,#REF!) -> #REF! | G243: =SUMIF(#REF!,A243,#REF!)*-1 -> #REF! | H243: =SUMIF(#REF!,A243,#REF!)*-1 -> #REF! | I243: =SUM(E243:H243) -> #REF! | J243: =VLOOKUP(A243,#REF!,3,0) -> #REF! | K243: =I243-E243 -> #REF! | L243: =IF(ISERROR(IF(K243=0,0,(K243/E243))),"New Stock",(IF(K243=0,0,(K243/E243)))) -> New Stock | M243: =IF(L243>=30%,L243,"-") -> New Stock | N243: =IF(L243<=-30%,L243,"-") -> -
A244: ZA0-45 | B244: 72141-X7A00 | C244: BRACKET, FR OUTER SEAT TRACK, LWR FR RH | D244: 100 | E244: =SUMIF(#REF!,A244,#REF!) -> #REF! | F244: =SUMIF(#REF!,A244,#REF!) -> #REF! | G244: =SUMIF(#REF!,A244,#REF!)*-1 -> #REF! | H244: =SUMIF(#REF!,A244,#REF!)*-1 -> #REF! | I244: =SUM(E244:H244) -> #REF! | J244: =VLOOKUP(A244,#REF!,3,0) -> #REF! | K244: =I244-E244 -> #REF! | L244: =IF(ISERROR(IF(K244=0,0,(K244/E244))),"New Stock",(IF(K244=0,0,(K244/E244)))) -> New Stock | M244: =IF(L244>=30%,L244,"-") -> New Stock | N244: =IF(L244<=-30%,L244,"-") -> -
A245: ZA0-46 | B245: 72143-X7A00 | C245: TRACK, LWR RR BRACKET, FR OUTER SEAT | D245: 70 | E245: =SUMIF(#REF!,A245,#REF!) -> #REF! | F245: =SUMIF(#REF!,A245,#REF!) -> #REF! | G245: =SUMIF(#REF!,A245,#REF!)*-1 -> #REF! | H245: =SUMIF(#REF!,A245,#REF!)*-1 -> #REF! | I245: =SUM(E245:H245) -> #REF! | J245: =VLOOKUP(A245,#REF!,3,0) -> #REF! | K245: =I245-E245 -> #REF! | L245: =IF(ISERROR(IF(K245=0,0,(K245/E245))),"New Stock",(IF(K245=0,0,(K245/E245)))) -> New Stock | M245: =IF(L245>=30%,L245,"-") -> New Stock | N245: =IF(L245<=-30%,L245,"-") -> -
... A278: ZZ0-16 | B278: 72524-X7A00 | C278: PLATE RECLINING ADJDUSTER LH | D278: 30 | E278: =SUMIF(#REF!,A278,#REF!) -> #REF! | F278: =SUMIF(#REF!,A278,#REF!) -> #REF! | G278: =SUMIF(#REF!,A278,#REF!)*-1 -> #REF! | H278: =SUMIF(#REF!,A278,#REF!)*-1 -> #REF! | I278: =SUM(E278:H278) -> #REF! | J278: =VLOOKUP(A278,#REF!,3,0) -> #REF! | K278: =I278-E278 -> #REF! | L278: =IF(ISERROR(IF(K278=0,0,(K278/E278))),"New Stock",(IF(K278=0,0,(K278/E278)))) -> New Stock | M278: =IF(L278>=30%,L278,"-") -> New Stock | N278: =IF(L278<=-30%,L278,"-") -> -
K279: =I279-E279 -> 0 | L279: =IF(ISERROR(IF(K279=0,0,(K279/E279))),"New Stock",(IF(K279=0,0,(K279/E279)))) -> 0 | M279: =IF(L279>=30%,L279,"-") -> - | N279: =IF(L279<=-30%,L279,"-") -> -
C280: TOTAL | E280: =SUM(E3:E279) -> #REF! | F280: =SUM(F3:F279) -> #REF! | G280: =SUM(G3:G279) -> #REF! | H280: =SUM(H3:H279) -> #REF! | I280: =SUM(I3:I279) -> #REF! | K280: =SUM(K3:K279) -> #REF!
C281: Percentage | E281: =E280/E280 -> #REF! | I281: =I280/E280 -> #REF! | K281: =K280/E280 -> #REF!
D283: Check | E283: =#REF! -> #REF! | F283: =#REF! -> #REF! | G283: =-#REF! -> #REF! | H283: =-#REF! -> #REF! | I283: =#REF! -> #REF!
D284: Diff | E284: =E280-E283 -> #REF! | F284: =F280-F283 -> #REF! | G284: =G280-G283 -> #REF! | H284: =H280-H283 -> #REF! | I284: =I280-I283 -> #REF!

Sheet Detail WIP Paint
A1: LINE | B1: No. | C1: SD | D1: Part No. | E1: Part Name | F1: Actual Stock | G1: Remark
A2: 02 Shooter 1 | B2: 1 | C2: SAS142 | D2: 72093-0K020 | E2: LOCK SUB-ASSY RR SEAT RH | F2: 160 | G2: 0 | H2: 0
A3: 02 Shooter 1 | B3: 2 | C3: AG9-01 | D3: 72505-X7A00 | E3: ARM SUB-ASSY,RECLINING ADJUSTER,RH (NML) | F3: 1398 | G3: 0 | H3: 0
A4: 02 Shooter 1 | B4: 3 | C4: AG9-02 | D4: 72506-X7A00 | E4: ARM SUB-ASSY,RECLINING ADJUSTER,LH (NML) | F4: 728 | G4: 0 | H4: 0
A5: 02 Shooter 1 | B5: 4 | C5: AG9-03 | D5: 72505-X7A01 | E5: ARM SUB-ASSY,RECLINING ADJUSTER,RH (WI) | F5: 30 | G5: 0 | H5: 0
A6: 02 Shooter 1 | B6: 5 | C6: AG9-04 | D6: 72506-X7A01 | E6: ARM SUB-ASSY,RECLINING ADJUSTER,LH (WI) | F6: 180 | G6: 0 | H6: 0
A7: 02 Shooter 1 | B7: 6 | C7: CF9-01 | D7: 72101-X7A00 | E7: RAIL S/ASSY FR OUTER S/T LWR RH | F7: 1588 | G7: 0 | H7: 0
A8: 02 Shooter 1 | B8: 7 | C8: CF9-02 | D8: 72103-X7A00 | E8: RAIL S/ASSY FR INNER S/T LWR RH | F8: 487 | G8: 0 | H8: 0
A9: 02 Shooter 1 | B9: 8 | C9: CF9-03 | D9: 72104-X7A00 | E9: RAIL S/ASSY FR INNER S/T LWR LH | F9: 582 | G9: 0 | H9: 0
A10: 02 Shooter 1 | B10: 9 | C10: CF9-04 | D10: 72101-X7A02 | E10: RAIL S/ASSY FR OUTER S/T LWR RH | F10: 127 | G10: 0 | H10: 0
A11: 02 Shooter 1 | B11: 10 | C11: CF9-05 | D11: 72103-X7A03 | E11: RAIL S/ASSY FR INNER S/T LWR RH | F11: 54 | G11: 0 | H11: 0
A12: 02 Shooter 1 | B12: 11 | C12: CF9-06 | D12: 72102-X7A00 | E12: RAIL S/A FR OTR S/T LWR LH | F12: 42 | G12: 0 | H12: 0
A13: 02 Shooter 1 | B13: 12 | C13: CF9-07 | D13: 72104-X7A02 | E13: RAIL S/ASSY FR INNER S/T LWR LH | F13: 113 | G13: 0 | H13: 0
... A231: 02 Shooter 3 | B231: 71 | C231: ST6-04 | D231: 72104-X7A05 | E231: FR SEAT TRACK RAIL PWR LH INN | F231: 123 | G231: 0 | H231: 0
E232: Grand Total Q'ty WIP Paint | F232: =SUM(F2:F231) -> 24309

Sheet Detail_RM_Sep'10
D3: SUMMARY INVENTORY LIST
D4: 01 OCTOBER 2010
A6: INVENTORY LIST _ 01 OCTOBER 2010 | F6: SYSTEM | I6: STOCK IN W/H
A7: No. | C7: SD CODE | D7: PARTS NO. | E7: PARTS MANE | F7: Q'TY/BOX | G7: STOCK(Pcs.) | H7: Q'TY Kanban | I7: Actual(Pcs.) | J7: Actual(K/B) | K7: NG(pcs) | L7: PRO / D | M7: Total (pcs.) | N7: Diff(Pcs.) | O7: STOCK / DAY | P7: Diff K/B
A8: A | B8: 001 | C8: TTC555 | D8: 72469-X7A01 | E8: PIN VERTICAL ADJUSTER NO6 | F8: 1000 | G8: 0 | H8: 0 | I8: 3000 | J8: 3 | K8: 0 | L8: 0 | M8: 3000
A9: A | B9: 002 | C9: TST280 | D9: 71464-0K010 | E9: SPRING,RR SEAT CUSHION N0.4 | F9: 1500 | G9: 0 | H9: 0 | I9: 3000 | J9: 2 | K9: 0 | L9: 0 | M9: 3000
A10: A | B10: 003 | C10: KEN095 | D10: 72689-0K010 | E10: CUSHION RR SEAT CUSHION LOCK | F10: 500 | G10: 0 | H10: 0 | I10: 2000 | J10: 4 | K10: 0 | L10: 0 | M10: 2000
A11: A | B11: 004 | C11: MIT110 | D11: 72745-X7A00 | E11: PIN RR SEAT RECLINING HINGE | F11: 400 | G11: 0 | H11: 0 | I11: 1600 | J11: 4 | K11: 0 | L11: 0 | M11: 1600
A12: A | B12: 005 | C12: TST278 | D12: 71386-0K020 | E12: SPRING NO2 SEAT LOCK LH | F12: 2000 | G12: 0 | H12: 0 | I12: 6000 | J12: 3 | K12: 0 | L12: 0 | M12: 6000
A13: A | B13: 006 | C13: SAS146 | D13: 72655-0K020 | E13: LINK RR SEAT BACK LOCK CONTROL NO1 RH | F13: 500 | G13: 0 | H13: 0 | I13: 1000 | J13: 2 | K13: 0 | L13: 0 | M13: 1000
A14: A | B14: 007 | C14: FUJ062 | D14: 72641-0K060 | E14: PIN SEAT LOCK CONNECTING | F14: 200 | G14: 0 | H14: 0 | I14: 1200 | J14: 6 | K14: 0 | L14: 0 | M14: 1200
A15: A | B15: 008 | C15: BTS033 | D15: 72699-0K030 | E15: PLATE RR SEAT LOCK RELEASE | F15: 400 | G15: 0 | H15: 0 | I15: 1200 | J15: 3 | K15: 0 | L15: 0 | M15: 1200
A16: A | B16: 009 | C16: TST279 | D16: 71463-0K010 | E16: SPRING,RR SEAT CUSHION N0.3 | F16: 1500 | G16: 0 | H16: 0 | I16: 3000 | J16: 2 | K16: 0 | L16: 0 | M16: 3000
A17: A | B17: 010 | C17: SAS145 | D17: 72648-0K040 | E17: BRACKET RR SEAT CABLE LH | F17: 400 | G17: 0 | H17: 0 | I17: 800 | J17: 2 | K17: 0 | L17: 0 | M17: 800
A18: A | B18: 011 | C18: FUJ063 | D18: 72641-0K070 | E18: PIN SEAT LOCK CONNECTING | F18: 400 | G18: 0 | H18: 0 | I18: 1600 | J18: 4 | K18: 0 | L18: 0 | M18: 1600
A19: A | B19: 012 | C19: BTS029 | D19: 71386-0K030 | E19: BRACKET RR SEAT CUSHION HOLDER LH | F19: 2000 | G19: 0 | H19: 0 | I19: 4000 | J19: 2 | K19: 0 | L19: 0 | M19: 4000
... A29: A | B29: 022 | C29: TTC506 | D29: 72548-X7A00 | E29: PIN RECLINING CONTROL LINK | F29: 500 | G29: 0 | H29: 0 | I29: 500 | J29: 1 | K29: 0 | L29: 0 | M29: 500
A30: A | B30: 023 | C30: MIY006 | D30: 72692-0K010 | E30: RATCHET,RR SEAT CUSHION LOCK | F30: 300 | G30: 0 | H30: 0 | I30: 0 | K30: 0 | L30: 0 | M30: 0
A31: A | B31: 024 | C31: TTC540 | D31: 72093-X7A00 | E31: LOCK SUB-ASSY RR SEAT RH | F31: 80 | G31: 0 | H31: 0 | I31: 800 | J31: 10 | K31: 0 | L31: 0 | M31: 800
A32: A | B32: 025 | C32: KEN094 | D32: 72959-0K010 | E32: SPACER RR SEAT TURN SIDE | F32: 200 | G32: 0 | H32: 0 | I32: 2000 | J32: 10 | K32: 0 | L32: 0 | M32: 2000
A33: A | B33: 026 | C33: FUJ061 | D33: 89966-X7A07 | E33: RIVET | F33: 1000 | G33: 0 | H33: 0 | I33: 3000 | J33: 3 | K33: 0 | L33: 0 | M33: 3000
A34: A | B34: 027 | C34: TTC568 | D34: 90201-06472 | E34: WASHER PLATE | F34: 1000 | G34: 0 | H34: 0 | I34: 3000 | J34: 3 | K34: 0 | L34: 0 | M34: 3000
A35: A | B35: 028 | C35: TTC569 | D35: 72642-0K010 | E35: PIN RR SEAT BACK LOCK NO2 | F35: 1200 | G35: 0 | H35: 0 | I35: 3600 | J35: 3 | K35: 0 | L35: 0 | M35: 3600
A36: A | B36: 029 | C36: KEN093 | D36: 72265-X7A02 | E36: PROTECTER FR MNL SEAT TRACK UPR RAIL RR | F36: 100 | G36: 0 | H36: 0 | I36: 2700 | J36: 27 | K36: 0 | L36: 0 | M36: 2700
A37: A | B37: 030 | C37: SOB207 | D37: 72611-0K090 | E37: BRACKET RR SEAT LOCK RH | F37: 50 | G37: 0 | H37: 0 | I37: 500 | J37: 10 | K37: 0 | L37: 0 | M37: 500
A38: A | B38: 031 | C38: MIY007 | D38: 72692-0K020 | E38: RATCHET,RR SEAT CUSHION LOCK | F38: 300 | G38: 0 | H38: 0 | I38: 300 | J38: 1 | K38: 0 | L38: 0 | M38: 300
A39: A | B39: 032 | C39: BTS018 | D39: 72292-X7A01 | E39: PLATE SEAT TRACK MEMORY NO2 | F39: 200 | G39: 0 | H39: 0 | I39: 400 | J39: 2 | K39: 0 | L39: 0 | M39: 400
A40: A | B40: 033 | C40: TTC566 | D40: 72272-0K020 | E40: CLAMP SEAT TRACK CONTROL CABLE | F40: 1000 | G40: 0 | H40: 0 | I40: 0 | K40: 0 | L40: 0 | M40: 0
A41: A | B41: 034 | C41: BTS046 | D41: 72287-X7A00 | E41: HOOK SEAT TRACK HELPER SPRING NO1 | F41: 200 | G41: 0 | H41: 0 | I41: 200 | J41: 1 | K41: 0 | L41: 0 | M41: 200
A42: A | B42: 035 | C42: TTC571 | D42: 78899-0K010 | E42: BOLT,SUB SEAT | F42: 300 | G42: 0 | H42: 0 | I42: 300 | J42: 1 | K42: 0 | L42: 0 | M42: 300
A43: A | B43: 036 | C43: BTS016 | D43: 72291-X7A00 | E43: PLATE SEAT TRACK MEMORY NO1 | F43: 200 | G43: 0 | H43: 0 | I43: 200 | J43: 1 | K43: 0 | L43: 0 | M43: 200
A44: A | B44: 037 | C44: TTC558 | D44: 72641-0K050 | E44: PIN SEAT LOCK CONNECTING | F44: 300 | G44: 0 | H44: 0 | I44: 1500 | J44: 5 | K44: 0 | L44: 0 | M44: 1500
A45: A | B45: 038 | C45: BTS047 | D45: 72288-X7A00 | E45: HOOK SEAT TRACK HELPER SPRING NO2 | F45: 150 | G45: 0 | H45: 0 | I45: 300 | J45: 2 | K45: 0 | L45: 0 | M45: 300
A46: A | B46: 039 | C46: SOB204 | D46: 71425-0K060 | E46: PATCH RR SEAT LEG | F46: 150 | G46: 0 | H46: 0 | I46: 150 | J46: 1 | K46: 0 | L46: 0 | M46: 150
A47: A | B47: 040 | C47: SOB208 | D47: 72611-0K100 | E47: BRACKET RR SEAT LOCK RH | F47: 60 | G47: 0 | H47: 0 | I47: 540 | J47: 9 | K47: 0 | L47: 0 | M47: 540
A48: A | B48: 041 | C48: TAT700 | D48: 78953-0K020 | E48: PLATE(T=0.3) | F48: 2000 | G48: 0 | H48: 0 | I48: 12000 | J48: 6 | K48: 0 | L48: 0 | M48: 12000
A49: A | B49: 042 | C49: TST276 | D49: 72235-X7A01 | E49: BAR SEAT TRACK LOCK TORSION RH | F49: 1000 | G49: 0 | H49: 0 | I49: 4000 | J49: 4 | K49: 0 | L49: 0 | M49: 4000
A50: A | B50: 043 | C50: TTC538 | D50: 72702-X7A01 | E50: BOLT SEAT SET | F50: 600 | G50: 0 | H50: 0 | I50: 4200 | J50: 7 | K50: 0 | L50: 0 | M50: 4200
A51: A | B51: 044 | C51: TTC539 | D51: 79716-X7A00 | E51: NUT | F51: 500 | G51: 0 | H51: 0 | I51: 4500 | J51: 9 | K51: 0 | L51: 0 | M51: 4500
A52: A | B52: 045 | C52: KEN096 | D52: 72689-0K020 | E52: CUSHION,RR SEAT CUSHION LOCK | F52: 500 | G52: 0 | H52: 0 | I52: 1500 | J52: 3 | K52: 0 | L52: 0 | M52: 1500
... A54: A | B54: 047 | C54: TTC581 | D54: 71332-0K020 | E54: PIN,RR SEAT HINGE,N0.2 | F54: 1000 | G54: 0 | H54: 0 | I54: 1000 | J54: 1 | K54: 0 | L54: 0 | M54: 1000
A55: A | B55: 048 | C55: MIY010 | D55: 72693-0K040 | E55: HOOK,RR SEAT CUSHION LOCK | F55: 150 | G55: 0 | H55: 0 | I55: 0 | K55: 0 | L55: 0 | M55: 0
A56: A | B56: 049 | C56: TTC593 | D56: 72272-0K050 | E56: CLAMP SEAT TRACK CONTROL CABLE | F56: 1000 | G56: 0 | H56: 0 | I56: 0 | K56: 0 | L56: 0 | M56: 0
A57: A | B57: 050 | C57: SOB205 | D57: 79121-0K010 | E57: BRACKET NO1 SEAT CUSHION | F57: 500 | G57: 0 | H57: 0 | I57: 1000 | J57: 2 | K57: 0 | L57: 0 | M57: 1000
A58: A | B58: 051 | C58: TTC579 | D58: 71331-0K060 | E58: PIN,RR SEAT HINGE,N0.1 | F58: 350 | G58: 0 | H58: 0 | I58: 700 | J58: 2 | K58: 0 | L58: 0 | M58: 700
A59: A | B59: 052 | C59: MIY009 | D59: 72693-0K030 | E59: HOOK,RR SEAT CUSHION LOCK | F59: 150 | G59: 0 | H59: 0 | I59: 0 | K59: 0 | L59: 0 | M59: 0
A60: A | B60: 053 | C60: TTC578 | D60: 90201-08571 | E60: WASHER,PLATE | F60: 500 | G60: 0 | H60: 0 | I60: 0 | K60: 0 | L60: 0 | M60: 0
A61: A | B61: 054 | C61: SAS150 | D61: 71336-0K010 | E61: PLATE,RR SEAT CUSHION LEG LOCK,RH | F61: 550 | G61: 0 | H61: 0 | I61: 550 | J61: 1 | K61: 0 | L61: 0 | M61: 550
A62: A | B62: 055 | C62: TTC580 | D62: 71332-0K010 | E62: PIN,RR SEAT HINGE,N0.2 | F62: 1000 | G62: 0 | H62: 0 | I62: 1000 | J62: 1 | K62: 0 | L62: 0 | M62: 1000
A63: A | B63: 056 | C63: MIY008 | D63: 72065-0K020 | E63: HOOK,RR SEAT CUSHION LOCK | F63: 200 | G63: 0 | H63: 0 | I63: 0 | K63: 0 | L63: 0 | M63: 0
A64: A | B64: 057 | C64: TTC567 | D64: 72272-0K030 | E64: CLAMP SEAT TRACK CONTROL CABLE | F64: 1000 | G64: 0 | H64: 0 | I64: 1000 | J64: 1 | K64: 0 | L64: 0 | M64: 1000
A65: A | B65: 058 | C65: TST277 | D65: 72236-X7A01 | E65: BAR SEAT TRACK LOCK TORSION LH | F65: 1000 | G65: 0 | H65: 0 | I65: 3000 | J65: 3 | K65: 0 | L65: 0 | M65: 3000
A66: A | B66: 059 | C66: TTC582 | D66: 72656-0K020 | E66: PIN,RR SEAT CUSHION SUPPORT | F66: 350 | G66: 0 | H66: 0 | I66: 700 | J66: 2 | K66: 0 | L66: 0 | M66: 700
A67: A | B67: 060 | C67: KEN098 | D67: 72689-0K030 | E67: CUSHION RR SEAT CUSHION LOCK | F67: 500 | G67: 0 | H67: 0 | I67: 2000 | J67: 4 | K67: 0 | L67: 0 | M67: 2000
A68: A | B68: 061 | C68: BTS031 | D68: 72699-0K010 | E68: PLATE RR SEAT LOCKING RELEASE | F68: 1000 | G68: 0 | H68: 0 | I68: 2000 | J68: 2 | K68: 0 | L68: 0 | M68: 2000
A69: A | B69: 062 | C69: CHU050 | D69: 90201-08002 | E69: WASHER PLATE | F69: 1000 | G69: 0 | H69: 0 | I69: 3000 | J69: 3 | K69: 0 | L69: 0 | M69: 3000
A70: A | B70: 063 | C70: FUJ060 | D70: 90269-05046 | E70: RIVET | F70: 1000 | G70: 0 | H70: 0 | I70: 1000 | J70: 1 | K70: 0 | L70: 0 | M70: 1000
A71: A | B71: 064 | C71: BTS045 | D71: 72664-0K020 | E71: LEVER,RR SEAT LOCK CONTOROL,LH | F71: 500 | G71: 0 | H71: 0 | I71: 500 | J71: 1 | K71: 0 | L71: 0 | M71: 500
A72: A | B72: 065 | C72: BTS032 | D72: 72699-0K020 | E72: PLATE RR SEAT LOCK RELEASE | F72: 400 | G72: 0 | H72: 0 | I72: 1200 | J72: 3 | K72: 0 | L72: 0 | M72: 1200
A73: A | B73: 066 | C73: BTS041 | D73: 71386-0K010 | E73: BRACKET, RR SEAT CUSHION HOLDER, LH | F73: 1000 | G73: 0 | H73: 0 | I73: 0 | K73: 0 | L73: 0 | M73: 0
A74: A | B74: 067 | C74: BTS037 | D74: 79128-0K010 | E74: BRACKET NO1 SEAT LOCK | F74: 1000 | G74: 0 | H74: 0 | I74: 2000 | J74: 2 | K74: 0 | L74: 0 | M74: 2000
A75: A | B75: 068 | C75: BTS026 | D75: 72272-0K040 | E75: BRACKET SEAT TRACK CONTROL CABLE LH | F75: 400 | G75: 0 | H75: 0 | I75: 1600 | J75: 4 | K75: 0 | L75: 0 | M75: 1600
A76: A | B76: 069 | C76: BTS035 | D76: 72966-0K010 | E76: PLATE SEAT TURN LOCK NO1 | F76: 1000 | G76: 0 | H76: 0 | I76: 2000 | J76: 2 | K76: 0 | L76: 0 | M76: 2000
A77: A | B77: 070 | C77: BTS034 | D77: 72699-0K040 | E77: PLATE RR SEAT LOCK RELEASE | F77: 10000 | G77: 0 | H77: 0 | I77: 0 | K77: 0 | L77: 0 | M77: 0
A78: A | B78: 071 | C78: BTS039 | D78: 79128-0K020 | E78: BRACKET NO1 SEAT LOCK | F78: 1000 | G78: 0 | H78: 0 | I78: 2000 | J78: 2 | K78: 0 | L78: 0 | M78: 2000
A79: A | B79: 072 | C79: BTS025 | D79: 72271-0K020 | E79: BRACKET SEAT TRACK CONTROL CABLE RH | F79: 400 | G79: 0 | H79: 0 | I79: 1600 | J79: 4 | K79: 0 | L79: 0 | M79: 1600
A80: A | B80: 073 | C80: BTS036 | D80: 72967-0K010 | E80: PLATE SEAT TURN LOCK NO2 | F80: 1000 | G80: 0 | H80: 0 | I80: 2000 | J80: 2 | K80: 0 | L80: 0 | M80: 2000
A81: A | B81: 074 | C81: BTS042 | D81: 71386-0K050 | E81: BRACKET,RR SEAT CUSHION HOLDER,RH | F81: 2000 | G81: 0 | H81: 0 | I81: 2000 | J81: 1 | K81: 0 | L81: 0 | M81: 2000
A82: A | B82: 075 | C82: BTS028 | D82: 71385-0K050 | E82: BRACKET RR SEAT CUSHION HOLDER RH | F82: 1000 | G82: 0 | H82: 0 | I82: 2000 | J82: 2 | K82: 0 | L82: 0 | M82: 2000
A83: A | B83: 076 | C83: TTC551 | D83: 72702-X7A00 | E83: BOLT SEAT SET | F83: 500 | G83: 0 | H83: 0 | I83: 4500 | J83: 9 | K83: 0 | L83: 0 | M83: 4500
A84: A | B84: 077 | C84: BTS030 | D84: 71386-0K060 | E84: BRACKET RR SEAT CUSHION HOLDER LH | F84: 1000 | G84: 0 | H84: 0 | I84: 2000 | J84: 2 | K84: 0 | L84: 0 | M84: 2000
A85: A | B85: 078 | C85: BTS040 | D85: 71385-0K040 | E85: BRACKET,RR SEAT CUSHION HOLDER,LH | F85: 2000 | G85: 0 | H85: 0 | I85: 2000 | J85: 1 | K85: 0 | L85: 0 | M85: 2000
A86: A | B86: 079 | C86: BTS027 | D86: 71385-0K020 | E86: BRACKET RR SEAT CUSHION HOLDER RH | F86: 2000 | G86: 0 | H86: 0 | I86: 2000 | J86: 1 | K86: 0 | L86: 0 | M86: 2000
A87: A | B87: 080 | C87: SOB215 | D87: 72634-0K010 | E87: BASE,RR SEAT LOCK,LH | F87: 100 | G87: 0 | H87: 0 | I87: 400 | J87: 4 | K87: 0 | L87: 0 | M87: 400
A88: B | B88: 001 | C88: SOB200 | D88: 72429-X7A00 | E88: PLATE VERTICAL ADJUSTER RH | F88: 100 | G88: 0 | H88: 0 | I88: 1000 | J88: 10 | K88: 0 | L88: 0 | M88: 1000
A89: B | B89: 002 | C89: MIT111 | D89: 72409-X7A00 | E89: SHAFT SUB-ASSY VERTICAL ADJUSTER | F89: 100 | G89: 0 | H89: 0 | I89: 1400 | J89: 14 | K89: 0 | L89: 0 | M89: 1400
... A97: B | B97: 010 | C97: MIT112 | D97: 72409-X7A01 | E97: SHAFT SUB-ASSY VERTICAL ADJUSTER | F97: 100 | G97: 0 | H97: 0 | I97: 1300 | J97: 13 | K97: 0 | L97: 0 | M97: 1300
A98: B | B98: 011 | C98: MIT148 | D98: 72519-X7A01 | E98: PIN RECLINING HINGE | F98: 200 | G98: 0 | H98: 0 | I98: 0 | K98: 0 | L98: 0 | M98: 0
A99: B | B99: 012 | C99: TTC553 | D99: 72443-X7A03 | E99: GEAR VERTICAL ADJUSTER | F99: 150 | G99: 0 | H99: 0 | I99: 750 | J99: 5 | K99: 0 | L99: 0 | M99: 750
A100: B | B100: 013 | C100: SOB225 | D100: 72515-X1400 | E100: ARM RECLINING ADJUSTER RELEASE RH | F100: 100 | G100: 0 | H100: 0 | I100: 800 | J100: 8 | K100: 0 | L100: 0 | M100: 800
A101: B | B101: 014 | C101: CBT007 | D101: 72507-0K010-E0 | E101: HANDLE SUB-ASSY, RECLINING RELEASE (457B) | F101: 600 | G101: 0 | H101: 0 | I101: 600 | J101: 1 | K101: 0 | L101: 0 | M101: 600
A102: B | B102: 015 | C102: SOB217 | D102: 73197-0K020 | E102: BUSH,SEAT BELT INNER ANCHOR PLATE | F102: 300 | G102: 0 | H102: 0 | I102: 300 | J102: 1 | K102: 0 | L102: 0 | M102: 300
A103: B | B103: 016 | C103: SOB236 | D103: 72515-X1F02 | E103: ARM RECLINING ADJUSTER RELEASE RH | F103: 100 | G103: 0 | H103: 0 | I103: 1500 | J103: 15 | K103: 0 | L103: 0 | M103: 1500
A104: B | B104: 017 | C104: CBT002 | D104: 72507-0K010-FG | E104: HANDLE SUB-ASSY, RECLINING RELEASE (GRAY) | F104: 600 | G104: 0 | H104: 0 | I104: 600 | J104: 1 | K104: 0 | L104: 0 | M104: 600
A105: B | B105: 018 | C105: TTC554 | D105: 72443-X7A04 | E105: GEAR VERTICAL ADJUSTER | F105: 150 | G105: 0 | H105: 0 | I105: 450 | J105: 3 | K105: 0 | L105: 0 | M105: 450
A106: B | B106: 019 | C106: SOB218 | D106: 79481-0K010 | E106: HOOK NO4 SEAT | F106: 500 | G106: 0 | H106: 0 | I106: 0 | K106: 0 | L106: 0 | M106: 0
A107: B | B107: 020 | C107: CBT006 | D107: 72507-0K010-E1 | E107: HANDLE SUB-ASSY, RECLINING RELEASE (454B) | F107: 600 | G107: 0 | H107: 0 | I107: 600 | J107: 1 | K107: 0 | L107: 0 | M107: 600
A108: B | B108: 021 | C108: SOB216 | D108: 73197-0K010 | E108: BUSH,SEAT BELT INNER ANCHOR PLATE | F108: 300 | G108: 0 | H108: 0 | I108: 300 | J108: 1 | K108: 0 | L108: 0 | M108: 300
A109: B | B109: 022 | C109: SOB226 | D109: 72516-X1400 | E109: ARM RECLINING ADJUSTER RELEASE LH | F109: 100 | G109: 0 | H109: 0 | I109: 800 | J109: 8 | K109: 0 | L109: 0 | M109: 800
A110: B | B110: 023 | C110: CBT001 | D110: 72507-0K010-FI | E110: HANDLE SUB-ASSY, RECLINING RELEASE (IVORY) | F110: 600 | G110: 0 | H110: 0 | I110: 1800 | J110: 3 | K110: 0 | L110: 0 | M110: 1800
A111: B | B111: 024 | C111: KHS080 | D111: 79299-0K020 | E111: HOOK NO2 SEAT STOP | F111: 170 | G111: 0 | H111: 0 | I111: 1020 | J111: 6 | K111: 0 | L111: 0 | M111: 1020
A112: B | B112: 025 | C112: SOB237 | D112: 72516-X1F02 | E112: ARM RECLINING ADJUSTER RELEASE LH | F112: 100 | G112: 0 | H112: 0 | I112: 1400 | J112: 14 | K112: 0 | L112: 0 | M112: 1400
A113: B | B113: 026 | C113: TTC512 | D113: 89978-X7A01 | E113: WASHER PLATE | F113: 2000 | G113: 0 | H113: 0 | I113: 6000 | J113: 3 | K113: 0 | L113: 0 | M113: 6000
A114: B | B114: 027 | C114: SAN005 | D114: 72131-X7A01 | E114: BRACKET SEAT TRACK RAIL FR RH | F114: 350 | G114: 0 | H114: 0 | I114: 2100 | J114: 6 | K114: 0 | L114: 0 | M114: 2100
A115: B | B115: 028 | C115: TTC533 | D115: 72283-X7A00 | E115: PIN SEAT TRACK LOCK OPEN LEVER | F115: 1000 | G115: 0 | H115: 0 | I115: 9000 | J115: 9 | K115: 0 | L115: 0 | M115: 9000
A116: B | B116: 029 | C116: TTC556 | D116: 90560-08084 | E116: SPACER | F116: 2000 | G116: 0 | H116: 0 | I116: 0 | K116: 0 | L116: 0 | M116: 0
A117: B | B117: 030 | C117: TTC519 | D117: 89923-X7A00 | E117: PIN | F117: 500 | G117: 0 | H117: 0 | I117: 2500 | J117: 5 | K117: 0 | L117: 0 | M117: 2500
A118: B | B118: 031 | C118: BTS013 | D118: 72777-X7A00 | E118: PLATE RR SEAT RECLINING BRACKET | F118: 400 | G118: 0 | H118: 0 | I118: 800 | J118: 2 | K118: 0 | L118: 0 | M118: 800
A119: B | B119: 032 | C119: MIY005 | D119: 72692-0K070 | E119: RATCHET,RR SEAT CUSHION LOCK | F119: 400 | G119: 0 | H119: 0 | I119: 1600 | J119: 4 | K119: 0 | L119: 0 | M119: 1600
A120: B | B120: 033 | C120: TTC518 | D120: 72469-X7A00 | E120: PIN VERTICAL ADJUSTER NO1 | F120: 1000 | G120: 0 | H120: 0 | I120: 3000 | J120: 3 | K120: 0 | L120: 0 | M120: 3000
...

Sheet Detail_Press_Sep'10
C2: SUMMARY INVENTORY LIST
C3: 01 OCTOBER 2010
A5: ACTUAL STOCK PART PRESS
A6: CHUTER No. | B6: No. | C6: SD | D6: Part No. | E6: Part Name | F6: SUPPLIER | G6: Q'TY/BOX | H6: Actual Stock
H7: BOX | I7: PCS.
A8: 1A | B8: 1 | C8: CP1-06 | D8: 72117-X7A00 | E8: RAIL FR SEAT TRACK LWR INNER | F8: Z000-2 | G8: 25 | H8: 269 | I8: 6725
A9: 1A | B9: 2 | C9: CP1-05 | D9: 72115-X7A00 | E9: RAIL FR SEAT TRACK LWR OUTER | F9: Z000-1 | G9: 25 | H9: 159 | I9: 3975
A10: 1A | B10: 3 | C10: AP1-11 | D10: 72524-X7A00 | E10: PLATE RECLINING ADJUSTER LH | F10: Z000-1 | G10: 35 | H10: 213 | I10: 7455
A11: 1A | B11: 4 | C11: AP1-10 | D11: 72523-X7A00 | E11: PLATE RECLINING ADJUSTER RH | F11: Z000-1 | G11: 35 | H11: 123 | I11: 4305
A12: 1A | B12: 5 | C12: AP1-16 | D12: 72769-X7A01 | E12: ARM RR SEAT RECLINING LWR LH | F12: Z000-1 | G12: 35 | H12: 95 | I12: 3325
A13: 1A | B13: 6 | C13: AP1-18 | D13: 72769-X7A00 | E13: ARM RR SEAT RECLINING LWR LH | F13: Z000-1 | G13: 50 | H13: 49 | I13: 2450
A14: 1A | B14: 7 | C14: AP1-12 | D14: 72521-X7A02 | E14: ARM RECLINING ADJUSTER LWR RH | F14: Z000-1 | G14: 35 | H14: 46 | I14: 1610
A15: 1A | B15: 8 | C15: AP1-14 | D15: 72739-X7A02 | E15: ARM RR SEAT RECLINING LWR RH | F15: Z000-1 | G15: 35 | H15: 35 | I15: 1225
A16: 1A | B16: 9 | C16: AP1-13 | D16: 72522-X7A02 | E16: ARM RECLINING ADJUSTER LWR LH | F16: Z000-1 | G16: 35 | H16: 25 | I16: 875
A17: 1A | B17: 10 | C17: AP1-15 | D17: 72739-X7A01 | E17: ARM RR SEAT RECLINING LWR RH | F17: Z000-1 | G17: 35 | H17: 31 | I17: 1085
A18: 1A | B18: 11 | C18: AP1-17 | D18: 72739-X7A00 | E18: ARM RR SEAT RECLINING LWR RH | F18: Z000-1 | G18: 50 | H18: 77 | I18: 3850
A19: 2A | B19: 1 | C19: CP1-01 | D19: 72111-X7A00 | E19: RAIL FR SEAT TRACK UPR OUTSIDE OUT RH | F19: Z000-1 | G19: 20 | H19: 84 | I19: 1680
... A75: 1F | B75: 6 | C75: FP2-25 | D75: 72523-X7A01 | E75: PLART RELITING ADJUSTER LWR ARM LH | F75: Z000-1 | G75: 50 | H75: 55 | I75: 2750
A76: Part Press | B76: 1 | C76: AP1-01 | D76: 71151-X7A00 | E76: FRAME FR SEAT BACK RH | F76: Z000-1 | G76: 20 | I76: 0
A77: Part Press | B77: 2 | C77: AP1-02 | D77: 71152-X7A00 | E77: FRAME FR SEAT BACK LH | F77: Z000-1 | G77: 20 | I77: 0
A78: Part Press | B78: 3 | C78: AP1-03 | D78: 71254-X7A01 | E78: FRAME RR SEAT BACK SIDE RH | F78: Z000-1 | G78: 20 | I78: 0
A79: Part Press | B79: 4 | C79: AP1-04 | D79: 71255-X7A01 | E79: FRAME RR SEAT BACK SIDE LH | F79: Z000-1 | G79: 20 | I79: 0
A80: Part Press | B80: 5 | C80: AP1-05 | D80: 71254-X7A00 | E80: FRAME RR SEAT BACK SIDE RH | F80: Z000-1 | G80: 20 | I80: 0
A81: Part Press | B81: 6 | C81: AP1-06 | D81: 71255-X7A00 | E81: FRAME RR SEAT BACK SIDE LH | F81: Z000-1 | G81: 20 | I81: 0
A82: Part Press | B82: 7 | C82: AP1-10 | D82: 72523-X7A00 | E82: PLATE RECLINING ADJUSTER RH | F82: Z000-1 | G82: 35 | I82: 0
A83: Part Press | B83: 8 | C83: AP1-11 | D83: 72524-X7A00 | E83: PLATE RECLINING ADJUSTER LH | F83: Z000-1 | G83: 35 | I83: 0
A84: Part Press | B84: 9 | C84: AP1-12 | D84: 72521-X7A02 | E84: ARM RECLINING ADJUSTER LWR RH | F84: Z000-1 | G84: 35 | I84: 0
A85: Part Press | B85: 10 | C85: AP1-13 | D85: 72522-X7A02 | E85: ARM RECLINING ADJUSTER LWR LH | F85: Z000-1 | G85: 35 | I85: 0
A86: Part Press | B86: 11 | C86: AP1-14 | D86: 72739-X7A02 | E86: ARM RR SEAT RECLINING LWR RH | F86: Z000-1 | G86: 35 | I86: 0
A87: Part Press | B87: 12 | C87: AP1-15 | D87: 72739-X7A01 | E87: ARM RR SEAT RECLINING LWR RH | F87: Z000-1 | G87: 35 | I87: 0
... A128: Part Press | B128: 53 | C128: DP3-02 | D128: 72115-X1F05 | E128: RAIL, SEAT TRACK, LWR | F128: Z000-1 | G128: 20 | I128: 0
A129: Part Press | B129: 54 | C129: DP3-03 | D129: 72133-X1F02 | E129: BKT, FR INN SEAT TRACK UPR RAIL, RH | F129: Z000-1 | G129: 20 | H129: 58 | I129: 1160
A130: Part Press | B130: 55 | C130: DP3-04 | D130: 72134-X1F02 | E130: BKT, FR INN SEAT TRACK UPR RAIL, LH | F130: Z000-1 | G130: 20 | I130: 0
A131: Part Press | B131: 56 | C131: DP3-05 | D131: 72143-X1F05 | E131: BKT, FR OUT SEAT TRACK LWR, RR RH | F131: Z000-1 | G131: 70 | I131: 0
A132: Part Press | B132: 57 | C132: DP3-06 | D132: 72144-X1F01 | E132: BKT, FR OUT SEAT TRACK LWR, RR LH | F132: Z000-1 | G132: 70 | I132: 0
A133: Part Press | B133: 58 | C133: DP4-01 | D133: 72133-X1F03 | E133: BKT, FR OUT SEAT TRACK UPR RAIL, RH | F133: Z000-1 | G133: 35 | I133: 0
A134: Part Press | B134: 59 | C134: DP4-02 | D134: 72134-X1F03 | E134: BKT, FR OUT SEAT TRACK UPR RAIL LH | F134: Z000-1 | G134: 35 | I134: 0
A135: Part Press | B135: 60 | C135: EP2-01 | D135: 72521-X1400 | E135: ARM RECLINING ADJUSTER LWR RH | F135: Z000-1 | G135: 18 | I135: 0
A136: Part Press | B136: 61 | C136: EP2-02 | D136: 72521-X1401 | E136: ARM RECLINING ADJUSTER LWR RH | F136: Z000-1 | G136: 18 | I136: 0
A137: Part Press | B137: 62 | C137: EP2-03 | D137: 72522-X1400 | E137: ARM RECLINING ADJUSTER LWR LH | F137: Z000-1 | G137: 18 | I137: 0
A138: Part Press | B138: 63 | C138: EP2-04 | D138: 72522-X1401 | E138: ARM RECLINING ADJUSTER LWR LH | F138: Z000-1 | G138: 18 | I138: 0
A139: Part Press | B139: 64 | C139: FP2-01 | D139: 71162-X1411 | E139: PLATE FR SEAT BACK LWR | F139: Z000-1 | G139: 95 | I139: 0
A140: Part Press | B140: 65 | C140: FP2-02 | D140: 71162-X1412 | E140: PLATE FR SEAT BACK LWR | F140: Z000-1 | G140: 95 | I140: 0
A141: Part Press | B141: 66 | C141: FP2-25 | D141: 72523-X7A01 | E141: PLART RELITING ADJUSTER LWR ARM LH | F141: Z000-1 | G141: 50 | I141: 0
... A146: Part Press | B146: 71 | C146: GP2-02 | D146: 71152-X1400 | E146: FRAME FR SEAT BACK LH | F146: Z000-1 | G146: 15 | I146: 0
A148: Total List | B148: =COUNT(B8:B146) -> 139 | C148: Number | F148: Grand Total Q'ty | H148: =SUM(H8:H146) -> 8514 | I148: =SUM(I8:I146) -> 305675

Sheet Detail_FG_Sep'10
B4: SUMMARY INVENTORY LIST
B5: 01 OCTOBER 2010
A7: FINISH GOODS | P7: ACTUAL STOCK
G8: DATA STOCK ALL | I8: STOCK TTKL | K8: STOCK ARST | M8: INV 200904
A9: SHOOTER | C9: SD CODE | D9: PARTS NO. | E9: PART NAME | F9: Q'TY/BOX | G9: STOCK | H9: Q'TY K/B | I9: STOCK | J9: Q'TY K/B | K9: STOCK | L9: Q'TY K/B | M9: Q'TY PCS | N9: NG | O9: TOTAL (PCS) | P9: ACTUAL / PCS. | Q9: ACTUAL / KB. | R9: DIFF.
A10: A | B10: 001 | C10: CA0-02 | D10: 72130-0K010 | E10: FR TRACK ASSY | F10: 4 | G10: 0 | H10: 0 | I10: 0 | J10: 0 | K10: 0 | L10: 0 | M10: 0 | N10: 0 | O10: 0 | P10: 344 | Q10: 86
A11: A | B11: 002 | C11: CA0-05 | D11: 72110-0K020 | E11: FR TRACK ASSY | F11: 4 | G11: 0 | H11: 0 | I11: 0 | J11: 0 | K11: 0 | L11: 0 | M11: 0 | N11: 0 | O11: 0 | P11: 264 | Q11: 66
A12: A | B12: 003 | C12: CA0-01 | D12: 72110-0K010 | E12: FR TRACK ASSY | F12: 4 | G12: 0 | H12: 0 | I12: 0 | J12: 0 | K12: 0 | L12: 0 | M12: 0 | N12: 0 | O12: 0 | P12: 396 | Q12: 99
A13: A | B13: 004 | C13: CA0-07 | D13: 72120-0K020 | E13: FR TRACK ASSY | F13: 4 | G13: 0 | H13: 0 | I13: 0 | J13: 0 | K13: 0 | L13: 0 | M13: 0 | N13: 0 | O13: 0 | P13: 464 | Q13: 116
A14: A | B14: 005 | C14: CA0-06 | D14: 72130-0K020 | E14: FR TRACK ASSY | F14: 4 | G14: 0 | H14: 0 | I14: 0 | J14: 0 | K14: 0 | L14: 0 | M14: 0 | N14: 0 | O14: 0 | P14: 240 | Q14: 60
A15: A | B15: 006 | C15: CA0-04 | D15: 72140-0K010 | E15: FR TRACK ASSY | F15: 4 | G15: 0 | H15: 0 | I15: 0 | J15: 0 | K15: 0 | L15: 0 | M15: 0 | N15: 0 | O15: 0 | P15: 368 | Q15: 92
A16: A | B16: 007 | C16: CA0-03 | D16: 72120-0K010 | E16: FR TRACK ASSY | F16: 4 | G16: 0 | H16: 0 | I16: 0 | J16: 0 | K16: 0 | L16: 0 | M16: 0 | N16: 0 | O16: 0 | P16: 380 | Q16: 95
A17: A | B17: 008 | C17: CA0-08 | D17: 72140-0K020 | E17: FR TRACK ASSY | F17: 4 | G17: 0 | H17: 0 | I17: 0 | J17: 0 | K17: 0 | L17: 0 | M17: 0 | N17: 0 | O17: 0 | P17: 428 | Q17: 107
A18: A | B18: 009 | C18: AB0-07 | D18: 72720-0K020 | E18: 2ND/B SIDE FRAME S/ASSY | F18: 8 | G18: 0 | H18: 0 | I18: 0 | J18: 0 | K18: 0 | L18: 0 | M18: 0 | N18: 0 | O18: 0 | P18: 224 | Q18: 28
A19: A | B19: 010 | C19: AB0-09 | D19: 72730-0K030 | E19: 2ND/B SIDE FRAME S/ASSY | F19: 8 | G19: 0 | H19: 0 | I19: 0 | J19: 0 | K19: 0 | L19: 0 | M19: 0 | N19: 0 | O19: 0 | P19: 224 | Q19: 28
A20: A | B20: 011 | C20: AB0-10 | D20: 72710-0K030 | E20: 2ND/B SIDE FRAME S/ASSY | F20: 8 | G20: 0 | H20: 0 | I20: 0 | J20: 0 | K20: 0 | L20: 0 | M20: 0 | N20: 0 | O20: 0 | P20: 224 | Q20: 28
A21: A | B21: 012 | C21: AB0-12 | D21: 72740-0K030 | E21: 2ND/B SIDE FRAME S/ASSY | F21: 8 | G21: 0 | H21: 0 | I21: 0 | J21: 0 | K21: 0 | L21: 0 | M21: 0 | N21: 0 | O21: 0 | P21: 224 | Q21: 28
... A171: Out of Shooter | B171: 001 | C171: 344-13 | D171: 72130-X1700 | E171: TRACK ASSY, FR SEAT, INNER RH | F171: 4 | G171: 0 | H171: 0 | I171: 0 | J171: 0 | K171: 0 | L171: 0 | M171: 0 | N171: 0 | O171: 0 | P171: 8 | Q171: 2
A172: Out of Shooter | B172: 002 | C172: 344-17 | D172: 72140-X1701 | E172: TRACK ASSY, FR SEAT, INNER LH | F172: 4 | G172: 0 | H172: 0 | I172: 0 | J172: 0 | K172: 0 | L172: 0 | M172: 0 | N172: 0 | O172: 0 | P172: 0
A173: Out of Shooter | B173: 003 | C173: 345-15 | D173: 72110-X1700 | E173: TRACK ASSY, FR SEAT, OUTER RH | F173: 4 | G173: 0 | H173: 0 | I173: 0 | J173: 0 | K173: 0 | L173: 0 | M173: 0 | N173: 0 | O173: 0 | P173: 0
A174: Out of Shooter | B174: 004 | C174: 345-18 | D174: 72120-X1701 | E174: TRACK ASSY, FR SEAT, OUTER LH | F174: 4 | G174: 0 | H174: 0 | I174: 0 | J174: 0 | K174: 0 | L174: 0 | M174: 0 | N174: 0 | O174: 0 | P174: 0
A175: Out of Shooter | B175: 005 | C175: AB0-05 | D175: 72730-0K020 | E175: 2ND/B SIDE FRAME S/ASSY | F175: 8 | G175: 0 | H175: 0 | I175: 0 | J175: 0 | K175: 0 | L175: 0 | M175: 0 | N175: 0 | O175: 0 | P175: 40 | Q175: 5
A176: Out of Shooter | B176: 006 | C176: AB0-06 | D176: 72710-0K020 | E176: 2ND/B SIDE FRAME S/ASSY | F176: 8 | G176: 0 | H176: 0 | I176: 0 | J176: 0 | K176: 0 | L176: 0 | M176: 0 | N176: 0 | O176: 0 | P176: 48 | Q176: 6
A177: Out of Shooter | B177: 007 | C177: CD0-09 | D177: 72110-06030 | E177: FR SEAT TRACK RH SEAT OUTER STD MNL 6 WAY | F177: 4 | G177: 0 | H177: 0 | I177: 0 | J177: 0 | K177: 0 | L177: 0 | M177: 0 | N177: 0 | O177: 0 | P177: 0
A178: Out of Shooter | B178: 008 | C178: CD0-10 | D178: 72110-06050 | E178: FR SEAT TRACK RH SEAT OUTER AU MNL 6 WAY | F178: 4 | G178: 0 | H178: 0 | I178: 0 | J178: 0 | K178: 0 | L178: 0 | M178: 0 | N178: 0 | O178: 0 | P178: 20 | Q178: 5
A179: Out of Shooter | B179: 009 | C179: CD0-11 | D179: 72130-06030 | E179: FR SEAT TRACK RH SEAT INNER STD MNL | F179: 4 | G179: 0 | H179: 0 | I179: 0 | J179: 0 | K179: 0 | L179: 0 | M179: 0 | N179: 0 | O179: 0 | P179: 0
A180: Out of Shooter | B180: 010 | C180: CD0-12 | D180: 72130-06050 | E180: FR SEAT TRACK RH SEAT INNER AU MNL | F180: 4 | G180: 0 | H180: 0 | I180: 0 | J180: 0 | K180: 0 | L180: 0 | M180: 0 | N180: 0 | O180: 0 | P180: 20 | Q180: 5
A181: Out of Shooter | B181: 011 | C181: CD0-27 | D181: 72110-06070 | E181: FR SEAT TRACK RH SEAT OUTER STD MNL 4 WAY | F181: 4 | G181: 0 | H181: 0 | I181: 0 | J181: 0 | K181: 0 | L181: 0 | M181: 0 | N181: 0 | O181: 0 | P181: 0
A182: Out of Shooter | B182: 012 | C182: CD0-28 | D182: 72130-06070 | E182: FR SEAT TRACK RH SEAT INNER MNL | F182: 4 | G182: 0 | H182: 0 | I182: 0 | J182: 0 | K182: 0 | L182: 0 | M182: 0 | N182: 0 | O182: 0 | P182: 0
A183: Out of Shooter | B183: 013 | C183: CD0-29 | D183: 72140-06070 | E183: FR SEAT TRACK LH SEAT INNER STD MNL 6 WAY | F183: 4 | G183: 0 | H183: 0 | I183: 0 | J183: 0 | K183: 0 | L183: 0 | M183: 0 | N183: 0 | O183: 0 | P183: 0
A184: Out of Shooter | B184: 014 | C184: CD0-30 | D184: 72120-06070 | E184: FR SEAT TRACK LH SEAT OUTER MNL 6 WAY | F184: 4 | G184: 0 | H184: 0 | I184: 0 | J184: 0 | K184: 0 | L184: 0 | M184: 0 | N184: 0 | O184: 0 | P184: 0
A185: Out of Shooter | B185: 015 | C185: CE0-23 | D185: 72110-X1410 | E185: FR SEAT TRACK RH SEAT OUTER PWR | F185: 4 | G185: 0 | H185: 0 | I185: 0 | J185: 0 | K185: 0 | L185: 0 | M185: 0 | N185: 0 | O185: 0 | P185: 0
A186: Out of Shooter | B186: 016 | C186: CE0-24 | D186: 72130-X1411 | E186: FR SEAT TRACK RH SEAT INNER PWR 4 WAY | F186: 4 | G186: 0 | H186: 0 | I186: 0 | J186: 0 | K186: 0 | L186: 0 | M186: 0 | N186: 0 | O186: 0 | P186: 0
A187: Out of Shooter | B187: 017 | C187: CE0-25 | D187: 72120-X1409 | E187: FR SEAT TRACK LH SEAT OUTER PWR | F187: 4 | G187: 0 | H187: 0 | I187: 0 | J187: 0 | K187: 0 | L187: 0 | M187: 0 | N187: 0 | O187: 0 | P187: 0
A188: Out of Shooter | B188: 018 | C188: CE0-26 | D188: 72140-X1409 | E188: FR SEAT TRACK LH SEAT INNER PWR 4 WAY | F188: 4 | G188: 0 | H188: 0 | I188: 0 | J188: 0 | K188: 0 | L188: 0 | M188: 0 | N188: 0 | O188: 0 | P188: 0
A189: Out of Shooter | B189: 019 | C189: CE0-31 | D189: 72110-X1412 | E189: FR SEAT TRACK RH SEAT OUTER PWR | F189: 4 | G189: 0 | H189: 0 | I189: 0 | J189: 0 | K189: 0 | L189: 0 | M189: 0 | N189: 0 | O189: 0 | P189: 0
A190: Out of Shooter | B190: 020 | C190: CE0-32 | D190: 72120-X1411 | E190: FR SEAT TRACK LH SEAT OUTER PWR | F190: 4 | G190: 0 | H190: 0 | I190: 0 | J190: 0 | K190: 0 | L190: 0 | M190: 0 | N190: 0 | O190: 0 | P190: 0
A191: Out of Shooter | B191: 021 | C191: CE0-33 | D191: 72130-X1414 | E191: FR SEAT TRACK RH SEAT INNER PWR | F191: 4 | G191: 0 | H191: 0 | I191: 0 | J191: 0 | K191: 0 | L191: 0 | M191: 0 | N191: 0 | O191: 0 | P191: 0
A192: Out of Shooter | B192: 022 | C192: CE0-34 | D192: 72140-X1412 | E192: FR SEAT TRACK LH SEAT INNER PWR | F192: 4 | G192: 0 | H192: 0 | I192: 0 | J192: 0 | K192: 0 | L192: 0 | M192: 0 | N192: 0 | O192: 0 | P192: 0
A193: Out of Shooter | B193: 023 | C193: JA0-03 | D193: 78960-0K060 | E193: BAND ASSY,FOLD SEAT STOPPER,NO.2 | F193: 30 | G193: 0 | H193: 0 | I193: 0 | J193: 0 | K193: 0 | L193: 0 | M193: 0 | N193: 0 | O193: 0 | P193: 660 | Q193: 22
A194: Out of Shooter | B194: 024 | C194: JA0-04 | D194: 78960-0K020-E0 | E194: BAND ASSY,FOLD SEAT STOPPER,NO.2 | F194: 30 | G194: 0 | H194: 0 | I194: 0 | J194: 0 | K194: 0 | L194: 0 | M194: 0 | N194: 0 | O194: 0 | P194: 930 | Q194: 31
A195: Out of Shooter | B195: 025 | C195: JA0-05 | D195: 78960-0K040-E0 | E195: BAND ASSY,FOLD SEAT STOPPER,NO.2 | F195: 30 | G195: 0 | H195: 0 | I195: 0 | J195: 0 | K195: 0 | L195: 0 | M195: 0 | N195: 0 | O195: 0 | P195: 330 | Q195: 11
A196: Out of Shooter | B196: 026 | C196: ZA0-05 | D196: 72401-X7A13 | E196: BRAKE SUB-ASSY VERTICAL ADJUSTER FR | F196: 20 | G196: 0 | H196: 0 | I196: 0 | J196: 0 | K196: 0 | L196: 0 | M196: 0 | N196: 0 | O196: 0 | P196: 0
A197: Out of Shooter | B197: 027 | C197: ZA0-06 | D197: 72401-X7A14 | E197: BRAKE SUB-ASSY VERTICAL ADJUSTER FR | F197: 20 | G197: 0 | H197: 0 | I197: 0 | J197: 0 | K197: 0 | L197: 0 | M197: 0 | N197: 0 | O197: 0 | P197: 0
A198: Out of Shooter | B198: 028 | C198: ZA0-07 | D198: 72409-X7A00 | E198: SHAFT SUB-ASSY VERTICAL ADJUSTER | F198: 100 | G198: 0 | H198: 0 | I198: 0 | J198: 0 | K198: 0 | L198: 0 | M198: 0 | N198: 0 | O198: 0 | P198: 0
A199: Out of Shooter | B199: 029 | C199: ZA0-08 | D199: 72409-X7A01 | E199: SHAFT SUB-ASSY VERTICAL ADJUSTER | F199: 100 | G199: 0 | H199: 0 | I199: 0 | J199: 0 | K199: 0 | L199: 0 | M199: 0 | N199: 0 | O199: 0 | P199: 0
A200: Out of Shooter | B200: 030 | C200: ZA0-09 | D200: 72745-X7A00 | E200: PIN RR SEAT RECLINING HINGE | F200: 400 | G200: 0 | H200: 0 | I200: 0 | J200: 0 | K200: 0 | L200: 0 | M200: 0 | N200: 0 | O200: 0 | P200: 0
A201: Out of Shooter | B201: 031 | C201: ZA0-10 | D201: 72429-X7A01 | E201: PLATE VERTICAL ADJUSTER LH | F201: 100 | G201: 0 | H201: 0 | I201: 0 | J201: 0 | K201: 0 | L201: 0 | M201: 0 | N201: 0 | O201: 0 | P201: 0
A202: Out of Shooter | B202: 032 | C202: ZA0-11 | D202: 72641-0K020 | E202: RIVET | F202: 2000 | G202: 0 | H202: 0 | I202: 0 | J202: 0 | K202: 0 | L202: 0 | M202: 0 | N202: 0 | O202: 0 | P202: 0
A203: Out of Shooter | B203: 033 | C203: ZA0-20 | D203: 71897-X7A01 | E203: HOOK SEAT COVER SIDE | F203: 300 | G203: 0 | H203: 0 | I203: 0 | J203: 0 | K203: 0 | L203: 0 | M203: 0 | N203: 0 | O203: 0 | P203: 0
A204: Out of Shooter | B204: 034 | C204: ZA0-21 | D204: 79299-0K020 | E204: HOOK | F204: 100 | G204: 0 | H204: 0 | I204: 0 | J204: 0 | K204: 0 | L204: 0 | M204: 0 | N204: 0 | O204: 0 | P204: 0
A205: Out of Shooter | B205: 035 | C205: ZA0-22 | D205: 79481-0K010 | E205: PLATE | F205: 500 | G205: 0 | H205: 0 | I205: 0 | J205: 0 | K205: 0 | L205: 0 | M205: 0 | N205: 0 | O205: 0 | P205: 0
A206: Out of Shooter | B206: 036 | C206: ZA0-23 | D206: 72065-0K020 | E206: HOOK SUB-ASSY, RR SEAT CUSHION LOCK | F206: 200 | G206: 0 | H206: 0 | I206: 0 | J206: 0 | K206: 0 | L206: 0 | M206: 0 | N206: 0 | O206: 0 | P206: 0
A207: Out of Shooter | B207: 037 | C207: ZA0-24 | D207: 72692-0K010 | E207: RATCHET,RR SEAT CUSHION LOCK | F207: 300 | G207: 0 | H207: 0 | I207: 0 | J207: 0 | K207: 0 | L207: 0 | M207: 0 | N207: 0 | O207: 0 | P207: 0
... A220: Out of Shooter | B220: 050 | C220: ZA0-51 | D220: 72204-X7A00 | E220: LOCK SUB-ASSY, SEAT TRACK, LH | F220: 24 | G220: 0 | H220: 0 | I220: 0 | J220: 0 | K220: 0 | L220: 0 | M220: 0 | N220: 0 | O220: 0 | P220: 0
A221: Out of Shooter | B221: 051 | C221: ZB0-04 | D221: 72456-X1F04 | E221: BRACKET , SEAT FRAME SET , NO.2 | F221: 150 | G221: 0 | H221: 0 | I221: 0 | J221: 0 | K221: 0 | L221: 0 | M221: 0 | N221: 0 | O221: 0 | P221: 300 | Q221: 2
A222: Out of Shooter | B222: 052 | C222: ZB0-05 | D222: 72456-X1F05 | E222: BRACKET , SEAT FRAME SET , NO.2 | F222: 150 | G222: 0 | H222: 0 | I222: 0 | J222: 0 | K222: 0 | L222: 0 | M222: 0 | N222: 0 | O222: 0 | P222: 450 | Q222: 3
B223: TOTAL LIST | C223: =COUNT(P10:P222) -> 213 | D223: NUMBER | E223: Grand Total Q'ty | P223: =SUM(P10:P222) -> 249542 | Q223: =SUM(Q10:Q222) -> 5314

Sheet Detail_WIP_Sep'10
A2: SUMMARY INVENTORY LIST
A3: 1 OCTOBER 2010
A6: LINE | B6: No. | C6: SD | D6: Part No. | E6: Part Name | F6: Actual Stock | G6: Remark | J6: Type
A7: On Shoot SK4G | B7: 1 | C7: BTS052 | D7: 78757-X1402 | E7: SPRING TORSION RH | F7: 0 | G7: 0 | H7: 0 | J7: RM
A8: On Shoot SK4G | B8: 2 | C8: MIT118 | D8: 72447-X1403 | E8: PIN VERTICAL ADJUSTER NO.1 | F8: 300 | G8: 0 | H8: 0 | J8: RM
A9: On Shoot SK4G | B9: 3 | C9: MIT119 | D9: 72448-X1401 | E9: PIN FR SEAT ADJUSTER NO.2 | F9: 750 | G9: 0 | H9: 0 | J9: RM
A10: On Shoot SK4G | B10: 4 | C10: MIT122 | D10: 90243-X1401 | E10: PIN | F10: 750 | G10: 0 | H10: 0 | J10: RM
A11: On Shoot SK4G | B11: 5 | C11: MIT123 | D11: 90243-X1402 | E11: PIN | F11: 750 | G11: 0 | H11: 0 | J11: RM
A12: On Shoot SK4G | B12: 6 | C12: MIT124 | D12: 89966-X1403 | E12: RIVET | F12: 1000 | G12: 0 | H12: 0 | J12: RM
A13: On Shoot SK4G | B13: 7 | C13: MIT125 | D13: 84136-X1400 | E13: PIN | F13: 0 | G13: 0 | H13: 0 | J13: RM
A14: On Shoot SK4G | B14: 8 | C14: MIT126 | D14: 84136-X1401 | E14: PIN | F14: 1000 | G14: 0 | H14: 0 | J14: RM
A15: On Shoot SK4G | B15: 9 | C15: MIT127 | D15: 89923-X1400 | E15: PIN | F15: 750 | G15: 0 | H15: 0 | J15: RM
A16: On Shoot SK4G | B16: 10 | C16: MIT128 | D16: 90243-X1400 | E16: PIN | F16: 0 | G16: 0 | H16: 0 | J16: RM
A17: On Shoot SK4G | B17: 11 | C17: MIT129 | D17: 72283-X1400 | E17: PIN SEAT TRACK LOCK OPEN LEVER | F17: 500 | G17: 0 | H17: 0 | J17: RM
A18: On Shoot SK4G | B18: 12 | C18: MIT132 | D18: 91115-X1405 | E18: BOLT | F18: 0 | G18: 0 | H18: 0 | J18: RM
... A439: 20 | B439: 4 | C439: TOP312 | D439: B1127-12848 | E439: PIPE F=12.7 T=1.2 L=848 MM | F439: 415 | G439: 0 | H439: 0 | J439: RM
A440: 21 | B440: 1 | C440: GA0-01 | D440: 72211-0K010 | E440: LOOP HANDLE | F440: 229 | G440: 0 | H440: 0 | J440: FG
A441: 21 | B441: 2 | C441: TOP310 | D441: B1120-08764 | E441: PIPE F=12 T=0.8 L=764 FR | F441: 575 | G441: 0 | H441: 0 | J441: RM
A442: 22 | B442: 1 | C442: AB0-01 | D442: 72011-0K010 | E442: F/B SIDE FRAME S/ASSY | F442: 0 | G442: 0 | H442: 0 | J442: FG
A443: 22 | B443: 2 | C443: AB0-02 | D443: 72021-0K010 | E443: F/B SIDE FRAME S/ASSY | F443: 0 | G443: 0 | H443: 0 | J443: FG
A444: 22 | B444: 3 | C444: AB0-03 | D444: 72022-0K010 | E444: F/B SIDE FRAME S/ASSY | F444: 2 | G444: 0 | H444: 0 | J444: FG
A445: 22 | B445: 4 | C445: AB0-04 | D445: 72012-0K010 | E445: F/B SIDE FRAME S/ASSY | F445: 4 | G445: 0 | H445: 0 | J445: FG
A446: 22 | B446: 5 | C446: AB0-07 | D446: 72720-0K020 | E446: ADJ.ASSY RR S/B INR LH 40% | F446: 0 | G446: 0 | H446: 0 | J446: FG
A447: 22 | B447: 6 | C447: AB0-09 | D447: 72730-0K030 | E447: 2ND/B SIDE FRAME S/ASSY | F447: 2 | G447: 0 | H447: 0 | J447: FG
A448: 22 | B448: 7 | C448: AB0-10 | D448: 72710-0K030 | E448: 2ND/B SIDE FRAME S/ASSY | F448: 0 | G448: 0 | H448: 0 | J448: FG
A449: 22 | B449: 8 | C449: AB0-12 | D449: 72740-0K030 | E449: 2ND/B SIDE FRAME S/ASSY | F449: 0 | G449: 0 | H449: 0 | J449: FG
A450: 22 | B450: 9 | C450: AP1-03 | D450: 71254-X7A01 | E450: FRAME RR SEAT BACK SIDE RH | F450: 11 | G450: 0 | H450: 0 | J450: RM
A451: 22 | B451: 10 | C451: AP1-04 | D451: 71255-X7A01 | E451: FRAME RR SEAT BACK SIDE LH | F451: 14 | G451: 0 | H451: 0 | J451: RM
... A692: 31 | B692: 34 | C692: TTC542 | D692: 72401-X7A02 | E692: GUIDE SUB-ASSY SEAT TRACK ROLLER | F692: 0 | G692: 0 | H692: 0 | J692: RM
A693: 32-1 | B693: 1 | C693: AOY001 | D693: 72641-0K020 | E693: RIVET | F693: 561 | G693: 0 | H693: 0 | J693: RM
A694: 32-1 | B694: 2 | C694: BB0-01 | D694: 72503-0K010 | E694: FR LWR ARM S/A LIF RH OUT | F694: 0 | G694: 0 | H694: 0 | J694: FG
A695: 32-1 | B695: 3 | C695: BB0-04 | D695: 72504-0K020 | E695: FR LWR ARM S/A LIF LH OUT | F695: 0 | G695: 0 | H695: 0 | J695: FG
A696: 32-1 | B696: 4 | C696: BP1-01 | D696: 72521-X7A00 | E696: ARM RECLINING ADJUSTER LWR RH | F696: 42 | G696: 0 | H696: 0 | J696: RM
A697: 32-1 | B697: 5 | C697: BP1-04 | D697: 72522-X7A01 | E697: ARM RECLINING ADJUSTER LWR LH | F697: 0 | G697: 0 | H697: 0 | J697: RM
A698: 32-1 | B698: 6 | C698: BTS015 | D698: 72441-X7A00 | E698: LINK VERTICAL TRAVEL NO1 | F698: 0 | G698: 0 | H698: 0 | J698: RM
A699: 32-1 | B699: 7 | C699: MIT111 | D699: 72409-X7A00 | E699: SHAFT SUB-ASSY VERTICAL ADJUSTER | F699: 179 | G699: 0 | H699: 0 | J699: RM
A700: 32-1 | B700: 8 | C700: MIT112 | D700: 72409-X7A01 | E700: SHAFT SUB-ASSY VERTICAL ADJUSTER | F700: 87 | G700: 0 | H700: 0 | J700: RM
A701: 32-1 | B701: 9 | C701: MIZ005 | D701: 72133-X7A00 | E701: BRACKET FR SEAT TRACK RAIL RR RH | F701: 0 | G701: 0 | H701: 0 | J701: RM
A702: 32-1 | B702: 10 | C702: MIZ006 | D702: 72134-X7A00 | E702: BRACKET FR SEAT TRACK RAIL RR LH | F702: 0 | G702: 0 | H702: 0 | J702: RM
A703: 32-1 | B703: 11 | C703: MIZ009 | D703: 71821-X7A00 | E703: BRACKET SHEELD SET NO1 | F703: 170 | G703: 0 | H703: 0 | J703: RM
A704: 32-1 | B704: 12 | C704: MIZ010 | D704: 71823-X7A00 | E704: BRACKET SHEELD SET NO2 | F704: 161 | G704: 0 | H704: 0 | J704: RM
... A729: 32-2 | B729: 13 | C729: TTC518 | D729: 72469-X7A00 | E729: PIN VERTICAL ADJUSTER NO1 | F729: 2074 | G729: 0 | H729: 0 | J729: RM
A730: 33 | B730: 1 | C730: EA0-01 | D730: 71350-0K010 | E730: RR HINGE ASSY RH OUT | F730: 4 | G730: 0 | H730: 0 | J730: FG
A731: 33 | B731: 2 | C731: EA0-02 | D731: 71350-0K020 | E731: RR HINGE ASSY RH INN | F731: 3 | G731: 0 | H731: 0 | J731: FG
A732: 33 | B732: 3 | C732: EA0-03 | D732: 71360-0K010 | E732: RR HINGE ASSY LH OUT | F732: 3 | G732: 0 | H732: 0 | J732: FG
A733: 33 | B733: 4 | C733: EA0-04 | D733: 71360-0K020 | E733: RR HINGE ASSY LH INN | F733: 3 | G733: 0 | H733: 0 | J733: FG
A734: 33 | B734: 5 | C734: EF9-01 | D734: 71302-0K010 | E734: HINGE SUB-ASSY | F734: 35 | G734: 0 | H734: 0 | J734: Sub
A735: 33 | B735: 6 | C735: EF9-02 | D735: 71301-0K010 | E735: HINGE SUB-ASSY | F735: 48 | G735: 0 | H735: 0 | J735: Sub
A736: 33 | B736: 7 | C736: EF9-03 | D736: 71302-0K020 | E736: HINGE SUB-ASSY | F736: 4 | G736: 0 | H736: 0 | J736: Sub
A737: 33 | B737: 8 | C737: EF9-04 | D737: 71301-0K040 | E737: HINGE SUB-ASSY | F737: 36 | G737: 0 | H737: 0 | J737: Sub
A738: 33 | B738: 9 | C738: EF9-05 | D738: 71302-0K060 | E738: HINGE SUB-ASSY | F738: 39 | G738: 0 | H738: 0 | J738: Sub
A739: 33 | B739: 10 | C739: KEN094 | D739: 72959-0K010 | E739: SPACER RR SEAT TURN SIDE | F739: 90 | G739: 0 | H739: 0 | J739: RM
A740: 33 | B740: 11 | C740: NHK122 | D740: 72649-0K110 | E740: SPRING RR SEAT CUSHION SUPPORT | F740: 89 | G740: 0 | H740: 0 | J740: RM
A741: 33 | B741: 12 | C741: NHK123 | D741: 72649-0K120 | E741: SPRING RR SEAT CUSHION SUPPORT | F741: 63 | G741: 0 | H741: 0 | J741: RM
... A898: 103 | B898: 21 | C898: ST3-08 | D898: 72104-X1405 | E898: FR SEAT TRACK LWR RAIL PWR LH INN | F898: 0 | G898: 0 | H898: 0 | J898: Sub
A899: 110-1 | B899: 1 | C899: AOY002 | D899: 90174-T0003 | E899: NUT WELD | F899: 187 | G899: 0 | H899: 0 | J899: RM
A900: 110-1 | B900: 2 | C900: BTS054 | D900: 72456-X1402 | E900: BRACKET SEAT FRAME SET NO.2 | F900: 0 | G900: 0 | H900: 0 | J900: RM
A901: 110-1 | B901: 3 | C901: BTS055 | D901: 72456-X1400 | E901: BRACKET SEAT FRAME SET NO.2 | F901: 150 | G901: 0 | H901: 0 | J901: RM
A902: 110-1 | B902: 4 | C902: DP2-05 | D902: 72133-X1403D | E902: BKT FR OUT SEAT TRACK UPR PAIL RH | F902: 57 | G902: 0 | H902: 0 | J902: RM
A903: 110-1 | B903: 5 | C903: DP2-06 | D903: 72134-X1403D | E903: BKT FR OUT SEAT TRACK UPR PAIL LH | F903: 112 | G903: 0 | H903: 0 | J903: RM
A904: 110-1 | B904: 6 | C904: MIT143 | D904: 72149-X1F08 | E904: PIN FR SEAT LOCATION | F904: 0 | G904: 0 | H904: 0 | J904: RM
A905: 110-1 | B905: 7 | C905: MIZ019 | D905: 72456-X1F01 | E905: BRACKET SEAT FRAME SET,NO.2 | F905: 0 | G905: 0 | H905: 0 | J905: RM
A906: 110-1 | B906: 8 | C906: MIZ020 | D906: 72456-X1F02 | E906: BRACKET SEAT FRAME SET,NO.2 | F906: 0 | G906: 0 | H906: 0 | J906: RM
A907: 110-1 | B907: 9 | C907: SAN009 | D907: 73191-X1401 | E907: BRACKET SEAT BELT INNER ANCHOR NO.1 RH | F907: 52 | G907: 0 | H907: 0 | J907: RM
A908: 110-1 | B908: 10 | C908: SAN010 | D908: 73192-X1400 | E908: BRACKET SEAT BELT INNER ANCHOR NO.1 LH | F908: 151 | G908: 0 | H908: 0 | J908: RM
A909: 110-1 | B909: 11 | C909: SAN015 | D909: 73191-X1F07 | E909: BRACKET SEAT BELT INNER ANCHOR NO1 RH | F909: 17 | G909: 0 | H909: 0 | J909: RM
A910: 110-1 | B910: 12 | C910: SAN016 | D910: 73192-X1F07 | E910: BRACKET SEAT BELT INNER ANCHOR NO1 LH | F910: 54 | G910: 0 | H910: 0 | J910: RM
... A957: 110-2 | B957: 29 | C957: TTC633 | D957: 72419-X1402 | E957: NUT FR SEAT VERTICAL GEAR | F957: 15 | G957: 0 | H957: 0 | J957: RM
A958: 140 | B958: 1 | C958: AOY002 | D958: 90174-T0003 | E958: NUT WELD | F958: 892 | G958: 0 | H958: 0 | J958: RM
A959: 140 | B959: 2 | C959: BTS056 | D959: 78757-X1407 | E959: SPRING TORSION RH | F959: 337 | G959: 0 | H959: 0 | J959: RM
A960: 140 | B960: 3 | C960: BTS057 | D960: 78767-X1407 | E960: SPRING TORSION LH | F960: 320 | G960: 0 | H960: 0 | J960: RM
A961: 140 | B961: 4 | C961: BTS058 | D961: 71186-X1400 | E961: BRACKET FR SEAT SIDE SUPPORT | F961: 55 | G961: 0 | H961: 0 | J961: RM
A962: 140 | B962: 5 | C962: BTS059 | D962: 71186-X1401 | E962: BRACKET FR SEAT SIDE SUPPORT | F962: 79 | G962: 0 | H962: 0 | J962: RM
A963: 140 | B963: 6 | C963: CD0-03 | D963: 72130-06020 | E963: SEAT TRACK MNL 4 WAY INNER RH | F963: 0 | G963: 0 | H963: 0 | J963: FG
A964: 140 | B964: 7 | C964: CD0-04 | D964: 72130-06040 | E964: SEAT TRACK MNL 4 WAY INNER RH | F964: 0 | G964: 0 | H964: 0 | J964: FG
A965: 140 | B965: 8 | C965: CD0-07 | D965: 72140-06020 | E965: SEAT TRACK MNL 4 WAY INNER LH | F965: 0 | G965: 0 | H965: 0 | J965: FG
A966: 140 | B966: 9 | C966: CD0-08 | D966: 72140-06040 | E966: SEAT TRACK MNL 4 WAY INNER LH | F966: 0 | G966: 0 | H966: 0 | J966: FG
A967: 140 | B967: 10 | C967: CD0-11 | D967: 72130-06030 | E967: SEAT TRACK MNL 6 WAY INNER RH | F967: 0 | G967: 0 | H967: 0 | J967: FG
A968: 140 | B968: 11 | C968: CD0-12 | D968: 72130-06050 | E968: SEAT TRACK MNL 6 WAY INNER RH | F968: 0 | G968: 0 | H968: 0 | J968: FG
A969: 140 | B969: 12 | C969: CD0-15 | D969: 72140-06030 | E969: SEAT TRACK MNL 6 WAY INNER LH | F969: 0 | G969: 0 | H969: 0 | J969: FG
... A1273: 211 | B1273: 12 | C1273: ZB0-05 | D1273: 72456-X1F05 | E1273: BRACKET,SEAT FRAME ST NO.2 | F1273: 0 | G1273: 0 | H1273: 0 | J1273: FG
A1274: 242 | B1274: 1 | C1274: AOY002 | D1274: 90174-T0003 | E1274: NUT WELD | F1274: 589 | G1274: 0 | H1274: 0 | J1274: RM
A1275: 242 | B1275: 2 | C1275: BTS056 | D1275: 78757-X1407 | E1275: SPRING TORSION RH | F1275: 361 | G1275: 0 | H1275: 0 | J1275: RM
A1276: 242 | B1276: 3 | C1276: BTS057 | D1276: 78767-X1407 | E1276: SPRING TORSION LH | F1276: 425 | G1276: 0 | H1276: 0 | J1276: RM
A1277: 242 | B1277: 4 | C1277: DP2-01 | D1277: 72111-X1402B | E1277: RAIL FR OUTER SEAT TRACK UPR RH | F1277: 22 | G1277: 0 | H1277: 0 | J1277: RM
A1278: 242 | B1278: 5 | C1278: DP2-15 | D1278: 72155-X1400 | E1278: BRACKET SEAT TRACK HANDLE SUPPORT RH | F1278: 21 | G1278: 0 | H1278: 0 | J1278: RM
A1279: 242 | B1279: 6 | C1279: DP2-16 | D1279: 72156-X1400 | E1279: BRACKET SEAT TRACK HANDLE SUPPORT LH | F1279: 78 | G1279: 0 | H1279: 0 | J1279: RM
A1280: 242 | B1280: 7 | C1280: DP3-03 | D1280: 72133-X1F02 | E1280: BKT, FR INN SEAT TRACK UPR RAIL, RH | F1280: 42 | G1280: 0 | H1280: 0 | J1280: RM
A1281: 242 | B1281: 8 | C1281: DP3-04 | D1281: 72134-X1F02 | E1281: BKT, FR INN SEAT TRACK UPR RAIL, LH | F1281: 24 | G1281: 0 | H1281: 0 | J1281: RM
A1282: 242 | B1282: 9 | C1282: DP4-01 | D1282: 72133-X1F03 | E1282: BKT, FR OUT SEAT TRACK UPR RAIL, RH | F1282: 69 | G1282: 0 | H1282: 0 | J1282: RM
A1283: 242 | B1283: 10 | C1283: DP4-02 | D1283: 72134-X1F03 | E1283: BATFR INNS/T UPRRAIL LH | F1283: 103 | G1283: 0 | H1283: 0 | J1283: RM
A1284: 242 | B1284: 11 | C1284: EAT001 | D1284: 72265-X1400 | E1284: COVER SEAT TRACK UPR RAIL | F1284: 75 | G1284: 0 | H1284: 0 | J1284: RM
A1285: 242 | B1285: 12 | C1285: KEN097 | D1285: 72129-X1F01 | E1285: PROTECTOR SEAT TRACK LWR RAIL | F1285: 433 | G1285: 0 | H1285: 0 | J1285: RM
... A1339: 242 | B1339: 66 | C1339: YC0-12 | D1339: 71013-X1421 | E1339: TRACK ASSY, F/S INNER LH | F1339: 0 | G1339: 0 | H1339: 0 | J1339: FG
A1340: 243 | B1340: 1 | C1340: AOY002 | D1340: 90174-T0003 | E1340: NUT WELD | F1340: 348 | G1340: 0 | H1340: 0 | J1340: RM
A1341: 243 | B1341: 2 | C1341: BTS056 | D1341: 78757-X1407 | E1341: SPRING TORSION RH | F1341: 318 | G1341: 0 | H1341: 0 | J1341: RM
A1342: 243 | B1342: 3 | C1342: BTS057 | D1342: 78767-X1407 | E1342: SPRING TORSION LH | F1342: 342 | G1342: 0 | H1342: 0 | J1342: RM
A1343: 243 | B1343: 4 | C1343: DP2-01 | D1343: 72111-X1402 | E1343: RAIL FR OUTER SEAT TRACK UPR RH | F1343: 7 | G1343: 0 | H1343: 0 | J1343: RM
A1344: 243 | B1344: 5 | C1344: DP2-15 | D1344: 72155-X1400 | E1344: BRACKET SEAT TRACK HANDLE SUPPORT RH | F1344: 33 | G1344: 0 | H1344: 0 | J1344: RM
A1345: 243 | B1345: 6 | C1345: DP2-16 | D1345: 72156-X1400 | E1345: BRACKET SEAT TRACK HANDLE SUPPORT LH | F1345: 10 | G1345: 0 | H1345: 0 | J1345: RM
...

Sheet Stock at YDT_Sep'10
A7: STOCK AT YARNAPUND DAISO (THAILAND) CO., LTD.
A9: INVENTORY LIST _ 01 OCTOBER 2010 | E9: Q'TY/ BOX | F9: STOCK at YDT
A10: No. | B10: Back_no. | C10: PARTS NO. | D10: PARTS MANE | F10: Q'ty Actual (Pcs.) | G10: Q'ty Actual ( Box )
A11: 001 | B11: YDT001 | C11: 72516-X1400-00 | D11: ARM RECLINING ADJUSTER RELEASE LH | E11: 100 | F11: 100 | G11: =F11/E11 -> 1
A12: 002 | B12: YDT002 | C12: 72515-X1400-00 | D12: ARM RECLINING ADJUSTER RELEASE RH | E12: 100 | F12: 100 | G12: =F12/E12 -> 1
A13: 003 | B13: YDT007 | C13: 72515-X1F02-00 | D13: ARM RECLINING ADJUSTER RELEASE RH | E13: 100 | F13: 1500 | G13: =F13/E13 -> 15
A14: 004 | B14: YDT008 | C14: 72516-X1F02-00 | D14: ARM RECLINING ADJUSTER RELEASE LH | E14: 100 | F14: 1600 | G14: =F14/E14 -> 16
F15: =SUM(F11:F14) -> 3300 | G15: =SUM(G11:G14) -> 33

Sheet RM_Mar'10
D3: SUMMARY INVENTORY LIST
D4: 29 MARCH 2010
A6: ARST-FM-WH-006 REV.00 | D6: INVENTORY LIST FOR _31 MARCH 2010 | F6: SYSTEM | I6: STOCK IN W/H
A7: No. | C7: SD CODE | D7: PARTS NO. | E7: PARTS MANE | F7: Q'TY/BOX | G7: STOCK(Pcs.) | H7: Q'TY Kanban | I7: Actual(Pcs.) | J7: Actual(K/B) | K7: NG(pcs) | L7: Total (pcs.) | M7: Diff(Pcs.) | N7: STOCK / DAY | O7: Diff K/B
A8: A | B8: 001 | C8: TTC555 | D8: 72469-X7A01 | E8: PIN VERTICAL ADJUSTER NO6 | F8: 1000 | G8: 0 | H8: 0 | I8: 6000 | J8: 6 | K8: 0 | L8: 6000
A9: A | B9: 002 | C9: TST280 | D9: 71464-0K010 | E9: SPRING,RR SEAT CUSHION N0.4 | F9: 1500 | G9: 0 | H9: 0 | I9: 1500 | J9: 1 | K9: 0 | L9: 1500
A10: A | B10: 003 | C10: KEN095 | D10: 72689-0K010 | E10: CUSHION RR SEAT CUSHION LOCK | F10: 500 | G10: 0 | H10: 0 | I10: 1500 | J10: 3 | K10: 0 | L10: 1500
A11: A | B11: 004 | C11: MIT110 | D11: 72745-X7A00 | E11: PIN RR SEAT RECLINING HINGE | F11: 400 | G11: 0 | H11: 0 | I11: 4800 | J11: 12 | K11: 0 | L11: 4800
A12: A | B12: 005 | C12: TST278 | D12: 71386-0K020 | E12: SPRING NO2 SEAT LOCK LH | F12: 2000 | G12: 0 | H12: 0 | I12: 4000 | J12: 2 | K12: 0 | L12: 4000
A13: A | B13: 006 | C13: SAS146 | D13: 72655-0K020 | E13: LINK RR SEAT BACK LOCK CONTROL NO1 RH | F13: 500 | G13: 0 | H13: 0 | I13: 500 | J13: 1 | K13: 0 | L13: 500
A14: A | B14: 007 | C14: FUJ062 | D14: 72641-0K060 | E14: PIN SEAT LOCK CONNECTING | F14: 200 | G14: 0 | H14: 0 | I14: 1200 | J14: 6 | K14: 0 | L14: 1200
A15: A | B15: 008 | C15: BTS033 | D15: 72699-0K030 | E15: PLATE RR SEAT LOCK RELEASE | F15: 400 | G15: 0 | H15: 0 | I15: 1200 | J15: 3 | K15: 0 | L15: 1200
A16: A | B16: 009 | C16: TST279 | D16: 71463-0K010 | E16: SPRING,RR SEAT CUSHION N0.3 | F16: 1500 | G16: 0 | H16: 0 | I16: 3000 | J16: 2 | K16: 0 | L16: 3000
A17: A | B17: 010 | C17: SAS145 | D17: 72648-0K040 | E17: BRACKET RR SEAT CABLE LH | F17: 400 | G17: 0 | H17: 0 | I17: 800 | J17: 2 | K17: 0 | L17: 800
A18: A | B18: 011 | C18: FUJ063 | D18: 72641-0K070 | E18: PIN SEAT LOCK CONNECTING | F18: 400 | G18: 0 | H18: 0 | I18: 2400 | J18: 6 | K18: 0 | L18: 2400
A19: A | B19: 012 | C19: BTS029 | D19: 71386-0K030 | E19: BRACKET RR SEAT CUSHION HOLDER LH | F19: 2000 | G19: 0 | H19: 0 | I19: 2000 | J19: 1 | K19: 0 | L19: 2000
... A30: A | B30: 023 | C30: MIY006 | D30: 72692-0K010 | E30: RATCHET,RR SEAT CUSHION LOCK | F30: 300 | G30: 0 | H30: 0 | I30: 1500 | J30: 5 | K30: 0 | L30: 1500
A31: A | B31: 024 | C31: TTC540 | D31: 72093-X7A00 | E31: LOCK SUB-ASSY RR SEAT RH | F31: 80 | G31: 0 | H31: 0 | I31: 0 | K31: 0 | L31: 0
A32: A | B32: 025 | C32: KEN094 | D32: 72959-0K010 | E32: SPACER RR SEAT TURN SIDE | F32: 200 | G32: 0 | H32: 0 | I32: 3600 | J32: 18 | K32: 0 | L32: 3600
A33: A | B33: 026 | C33: FUJ061 | D33: 89966-X7A07 | E33: RIVET | F33: 1000 | G33: 0 | H33: 0 | I33: 1000 | J33: 1 | K33: 0 | L33: 1000
A34: A | B34: 027 | C34: TTC568 | D34: 90201-06472 | E34: WASHER PLATE | F34: 1000 | G34: 0 | H34: 0 | I34: 1000 | J34: 1 | K34: 0 | L34: 1000
A35: A | B35: 028 | C35: TTC569 | D35: 72642-0K010 | E35: PIN RR SEAT BACK LOCK NO2 | F35: 1200 | G35: 0 | H35: 0 | I35: 2400 | J35: 2 | K35: 0 | L35: 2400
A36: A | B36: 029 | C36: KEN093 | D36: 72265-X7A02 | E36: PROTECTER FR MNL SEAT TRACK UPR RAIL RR | F36: 100 | G36: 0 | H36: 0 | I36: 2300 | J36: 23 | K36: 0 | L36: 2300
A37: A | B37: 030 | C37: SOB207 | D37: 72611-0K090 | E37: BRACKET RR SEAT LOCK RH | F37: 50 | G37: 0 | H37: 0 | I37: 550 | J37: 11 | K37: 0 | L37: 550
A38: A | B38: 031 | C38: MIY007 | D38: 72692-0K020 | E38: RATCHET,RR SEAT CUSHION LOCK | F38: 300 | G38: 0 | H38: 0 | I38: 900 | J38: 3 | K38: 0 | L38: 900
A39: A | B39: 032 | C39: BTS018 | D39: 72292-X7A01 | E39: PLATE SEAT TRACK MEMORY NO2 | F39: 200 | G39: 0 | H39: 0 | I39: 200 | J39: 1 | K39: 0 | L39: 200
A40: A | B40: 033 | C40: TTC566 | D40: 72272-0K020 | E40: CLAMP SEAT TRACK CONTROL CABLE | F40: 1000 | G40: 0 | H40: 0 | I40: 1000 | J40: 1 | K40: 0 | L40: 1000
A41: A | B41: 034 | C41: BTS046 | D41: 72287-X7A00 | E41: HOOK SEAT TRACK HELPER SPRING NO1 | F41: 200 | G41: 0 | H41: 0 | I41: 0 | K41: 0 | L41: 0
A42: A | B42: 035 | C42: TTC571 | D42: 78899-0K010 | E42: BOLT,SUB SEAT | F42: 300 | G42: 0 | H42: 0 | I42: 300 | J42: 1 | K42: 0 | L42: 300
A43: A | B43: 036 | C43: BTS016 | D43: 72291-X7A00 | E43: PLATE SEAT TRACK MEMORY NO1 | F43: 200 | G43: 0 | H43: 0 | I43: 200 | J43: 1 | K43: 0 | L43: 200
A44: A | B44: 037 | C44: TTC558 | D44: 72641-0K050 | E44: PIN SEAT LOCK CONNECTING | F44: 300 | G44: 0 | H44: 0 | I44: 0 | K44: 0 | L44: 0
A45: A | B45: 038 | C45: BTS047 | D45: 72288-X7A00 | E45: HOOK SEAT TRACK HELPER SPRING NO2 | F45: 150 | G45: 0 | H45: 0 | I45: 300 | J45: 2 | K45: 0 | L45: 300
A46: A | B46: 039 | C46: SOB204 | D46: 71425-0K060 | E46: PATCH RR SEAT LEG | F46: 150 | G46: 0 | H46: 0 | I46: 1200 | J46: 8 | K46: 0 | L46: 1200
A47: A | B47: 040 | C47: SOB208 | D47: 72611-0K100 | E47: BRACKET RR SEAT LOCK RH | F47: 60 | G47: 0 | H47: 0 | I47: 480 | J47: 8 | K47: 0 | L47: 480
A48: A | B48: 041 | C48: TAT700 | D48: 78953-0K020 | E48: PLATE(T=0.3) | F48: 2000 | G48: 0 | H48: 0 | I48: 10000 | J48: 5 | K48: 0 | L48: 10000
A49: A | B49: 042 | C49: TST276 | D49: 72235-X7A01 | E49: BAR SEAT TRACK LOCK TORSION RH | F49: 1000 | G49: 0 | H49: 0 | I49: 2000 | J49: 2 | K49: 0 | L49: 2000
A50: A | B50: 043 | C50: TTC538 | D50: 72702-X7A01 | E50: BOLT SEAT SET | F50: 600 | G50: 0 | H50: 0 | I50: 0 | K50: 0 | L50: 0
A51: A | B51: 044 | C51: TTC539 | D51: 79716-X7A00 | E51: NUT | F51: 500 | G51: 0 | H51: 0 | I51: 0 | K51: 0 | L51: 0
A52: A | B52: 045 | C52: KEN096 | D52: 72689-0K020 | E52: CUSHION,RR SEAT CUSHION LOCK | F52: 500 | G52: 0 | H52: 0 | I52: 3500 | J52: 7 | K52: 0 | L52: 3500
A53: A | B53: 046 | C53: SAS151 | D53: 71336-0K020 | E53: PLATE,RR SEAT CUSHION LEG LOCK,LH | F53: 550 | G53: 0 | H53: 0 | I53: 1100 | J53: 2 | K53: 0 | L53: 1100
A54: A | B54: 047 | C54: TTC581 | D54: 71332-0K020 | E54: PIN,RR SEAT HINGE,N0.2 | F54: 1000 | G54: 0 | H54: 0 | I54: 1000 | J54: 1 | K54: 0 | L54: 1000
A55: A | B55: 048 | C55: MIY010 | D55: 72693-0K040 | E55: HOOK,RR SEAT CUSHION LOCK | F55: 150 | G55: 0 | H55: 0 | I55: 1350 | J55: 9 | K55: 0 | L55: 1350
A56: A | B56: 049 | C56: TTC593 | D56: 72272-0K050 | E56: CLAMP SEAT TRACK CONTROL CABLE | F56: 1000 | G56: 0 | H56: 0 | I56: 1000 | J56: 1 | K56: 0 | L56: 1000
A57: A | B57: 050 | C57: SOB205 | D57: 79121-0K010 | E57: BRACKET NO1 SEAT CUSHION | F57: 500 | G57: 0 | H57: 0 | I57: 2000 | J57: 4 | K57: 0 | L57: 2000
A58: A | B58: 051 | C58: TTC579 | D58: 71331-0K060 | E58: PIN,RR SEAT HINGE,N0.1 | F58: 350 | G58: 0 | H58: 0 | I58: 700 | J58: 2 | K58: 0 | L58: 700
A59: A | B59: 052 | C59: MIY009 | D59: 72693-0K030 | E59: HOOK,RR SEAT CUSHION LOCK | F59: 150 | G59: 0 | H59: 0 | I59: 1050 | J59: 7 | K59: 0 | L59: 1050
A60: A | B60: 053 | C60: TTC578 | D60: 90201-08571 | E60: WASHER,PLATE | F60: 500 | G60: 0 | H60: 0 | I60: 500 | J60: 1 | K60: 0 | L60: 500
A61: A | B61: 054 | C61: SAS150 | D61: 71336-0K010 | E61: PLATE,RR SEAT CUSHION LEG LOCK,RH | F61: 550 | G61: 0 | H61: 0 | I61: 1100 | J61: 2 | K61: 0 | L61: 1100
A62: A | B62: 055 | C62: TTC580 | D62: 71332-0K010 | E62: PIN,RR SEAT HINGE,N0.2 | F62: 1000 | G62: 0 | H62: 0 | I62: 2000 | J62: 2 | K62: 0 | L62: 2000
A63: A | B63: 056 | C63: MIY008 | D63: 72065-0K020 | E63: HOOK,RR SEAT CUSHION LOCK | F63: 200 | G63: 0 | H63: 0 | I63: 1600 | J63: 8 | K63: 0 | L63: 1600
... A80: A | B80: 073 | C80: BTS036 | D80: 72967-0K010 | E80: PLATE SEAT TURN LOCK NO2 | F80: 1000 | G80: 0 | H80: 0 | I80: 2000 | J80: 2 | K80: 0 | L80: 2000
A81: A | B81: 074 | C81: BTS042 | D81: 71386-0K050 | E81: BRACKET,RR SEAT CUSHION HOLDER,RH | F81: 2000 | G81: 0 | H81: 0 | I81: 0 | K81: 0 | L81: 0
A82: A | B82: 075 | C82: BTS028 | D82: 71385-0K050 | E82: BRACKET RR SEAT CUSHION HOLDER RH | F82: 1000 | G82: 0 | H82: 0 | I82: 2000 | J82: 2 | K82: 0 | L82: 2000
A83: A | B83: 076 | C83: TTC551 | D83: 72702-X7A00 | E83: BOLT SEAT SET | F83: 500 | G83: 0 | H83: 0 | I83: 0 | K83: 0 | L83: 0
A84: A | B84: 077 | C84: BTS030 | D84: 71386-0K060 | E84: BRACKET RR SEAT CUSHION HOLDER LH | F84: 1000 | G84: 0 | H84: 0 | I84: 2000 | J84: 2 | K84: 0 | L84: 2000
A85: A | B85: 078 | C85: BTS040 | D85: 71385-0K040 | E85: BRACKET,RR SEAT CUSHION HOLDER,LH | F85: 2000 | G85: 0 | H85: 0 | I85: 2000 | J85: 1 | K85: 0 | L85: 2000
A86: A | B86: 079 | C86: BTS027 | D86: 71385-0K020 | E86: BRACKET RR SEAT CUSHION HOLDER RH | F86: 2000 | G86: 0 | H86: 0 | I86: 2000 | J86: 1 | K86: 0 | L86: 2000
A87: A | B87: 080 | C87: SOB215 | D87: 72634-0K010 | E87: BASE,RR SEAT LOCK,LH | F87: 100 | G87: 0 | H87: 0 | I87: 800 | J87: 8 | K87: 0 | L87: 800
A88: B | B88: 001 | C88: SOB200 | D88: 72429-X7A00 | E88: PLATE VERTICAL ADJUSTER RH | F88: 100 | G88: 0 | H88: 0 | I88: 1900 | J88: 19 | K88: 0 | L88: 1900
A89: B | B89: 002 | C89: MIT111 | D89: 72409-X7A00 | E89: SHAFT SUB-ASSY VERTICAL ADJUSTER | F89: 100 | G89: 0 | H89: 0 | I89: 1600 | J89: 16 | K89: 0 | L89: 1600
A90: B | B90: 003 | C90: MIZ009 | D90: 71821-X7A00 | E90: BRACKET SHEELD SET NO1 | F90: 400 | G90: 0 | H90: 0 | I90: 2000 | J90: 5 | K90: 0 | L90: 2000
A91: B | B91: 004 | C91: MIZ005 | D91: 72133-X7A00 | E91: BRACKET FR SEAT TRACK RAIL RR RH | F91: 250 | G91: 0 | H91: 0 | I91: 4500 | J91: 18 | K91: 0 | L91: 4500
A92: B | B92: 005 | C92: TTC541 | D92: 72094-X7A00 | E92: LOCK SUB-ASSY RR SEAT LH | F92: 80 | G92: 0 | H92: 0 | I92: 560 | J92: 7 | K92: 0 | L92: 560
A93: B | B93: 006 | C93: YNP375 | D93: 72681-X7A03 | E93: HOOK RR SEAT | F93: 60 | G93: 0 | H93: 0 | I93: 660 | J93: 11 | K93: 0 | L93: 660
A94: B | B94: 007 | C94: MIZ010 | D94: 71823-X7A00 | E94: BRACKET SHEELD SET NO2 | F94: 400 | G94: 0 | H94: 0 | I94: 2400 | J94: 6 | K94: 0 | L94: 2400
A95: B | B95: 008 | C95: MIZ006 | D95: 72134-X7A00 | E95: BRACKET FR SEAT TRACK RAIL RR LH | F95: 250 | G95: 0 | H95: 0 | I95: 4000 | J95: 16 | K95: 0 | L95: 4000
... A97: B | B97: 010 | C97: MIT112 | D97: 72409-X7A01 | E97: SHAFT SUB-ASSY VERTICAL ADJUSTER | F97: 100 | G97: 0 | H97: 0 | I97: 1600 | J97: 16 | K97: 0 | L97: 1600
A98: B | B98: 011 | C98: TTC503 | D98: 72519-X7A01 | E98: PIN RECLINING HINGE | F98: 100 | G98: 0 | H98: 0 | I98: 0 | K98: 0 | L98: 0
A99: B | B99: 012 | C99: TTC553 | D99: 72443-X7A03 | E99: GEAR VERTICAL ADJUSTER | F99: 150 | G99: 0 | H99: 0 | I99: 1050 | J99: 7 | K99: 0 | L99: 1050
A100: B | B100: 013 | C100: SOB225 | D100: 72515-X1400 | E100: ARM RECLINING ADJUSTER RELEASE RH | F100: 100 | G100: 0 | H100: 0 | I100: 800 | J100: 8 | K100: 0 | L100: 800
A101: B | B101: 014 | C101: CBT007 | D101: 72507-0K010-E0 | E101: HANDLE SUB-ASSY, RECLINING RELEASE (457B) | F101: 600 | G101: 0 | H101: 0 | I101: 600 | J101: 1 | K101: 0 | L101: 600
A102: B | B102: 015 | C102: SOB217 | D102: 73197-0K020 | E102: BUSH,SEAT BELT INNER ANCHOR PLATE | F102: 300 | G102: 0 | H102: 0 | I102: 2400 | J102: 8 | K102: 0 | L102: 2400
A103: B | B103: 016 | C103: SOB236 | D103: 72515-X1F02 | E103: ARM RECLINING ADJUSTER RELEASE RH | F103: 100 | G103: 0 | H103: 0 | I103: 1100 | J103: 11 | K103: 0 | L103: 1100
A104: B | B104: 017 | C104: CBT002 | D104: 72507-0K010-FG | E104: HANDLE SUB-ASSY, RECLINING RELEASE (GRAY) | F104: 600 | G104: 0 | H104: 0 | I104: 600 | J104: 1 | K104: 0 | L104: 600
A105: B | B105: 018 | C105: TTC554 | D105: 72443-X7A04 | E105: GEAR VERTICAL ADJUSTER | F105: 150 | G105: 0 | H105: 0 | I105: 1050 | J105: 7 | K105: 0 | L105: 1050
A106: B | B106: 019 | C106: SOB218 | D106: 79481-0K010 | E106: HOOK NO4 SEAT | F106: 500 | G106: 0 | H106: 0 | I106: 1000 | J106: 2 | K106: 0 | L106: 1000
A107: B | B107: 020 | C107: CBT006 | D107: 72507-0K010-E1 | E107: HANDLE SUB-ASSY, RECLINING RELEASE (454B) | F107: 600 | G107: 0 | H107: 0 | I107: 600 | J107: 1 | K107: 0 | L107: 600
A108: B | B108: 021 | C108: SOB216 | D108: 73197-0K010 | E108: BUSH,SEAT BELT INNER ANCHOR PLATE | F108: 300 | G108: 0 | H108: 0 | I108: 2700 | J108: 9 | K108: 0 | L108: 2700
A109: B | B109: 022 | C109: SOB226 | D109: 72516-X1400 | E109: ARM RECLINING ADJUSTER RELEASE LH | F109: 100 | G109: 0 | H109: 0 | I109: 600 | J109: 6 | K109: 0 | L109: 600
A110: B | B110: 023 | C110: CBT001 | D110: 72507-0K010-FI | E110: HANDLE SUB-ASSY, RECLINING RELEASE (IVORY) | F110: 600 | G110: 0 | H110: 0 | I110: 1200 | J110: 2 | K110: 0 | L110: 1200
... A133: C | B133: 003 | C133: SAN004 | D133: 72132-X7A00 | E133: BRACKET SEAT TRACK RAIL FR LH | F133: 100 | G133: 0 | H133: 0 | I133: 1600 | J133: 16 | K133: 0 | L133: 1600
A134: C | B134: 004 | C134: TTC559 | D134: 79818-0K010 | E134: BRACKET FOLD SEAT LEG FR | F134: 500 | G134: 0 | H134: 0 | I134: 0 | K134: 0 | L134: 0
A135: C | B135: 005 | C135: TST272 | D135: 72576-X7A00 | E135: SPRING RECLINING ADJUSTER MEMORY | F135: 2000 | G135: 0 | H135: 0 | I135: 2000 | J135: 1 | K135: 0 | L135: 2000
A136: C | B136: 006 | C136: TTC532 | D136: 72149-X7A00 | E136: PIN FR SEAT LOCATION | F136: 700 | G136: 0 | H136: 0 | I136: 2800 | J136: 4 | K136: 0 | L136: 2800
A137: C | B137: 007 | C137: SOB202 | D137: 72291-X7A01 | E137: PLATE SEAT TRACK MEMORY NO1 | F137: 300 | G137: 0 | H137: 0 | I137: 300 | J137: 1 | K137: 0 | L137: 300
A138: C | B138: 008 | C138: TTC535 | D138: 72297-X7A00 | E138: PIN SEAT TRACK MEMORY | F138: 750 | G138: 0 | H138: 0 | I138: 750 | J138: 1 | K138: 0 | L138: 750
A139: C | B139: 009 | C139: TTC589 | D139: 89953-X7A08 | E139: SPRING SPIRAL | F139: 50 | G139: 0 | H139: 0 | I139: 400 | J139: 8 | K139: 0 | L139: 400
A140: C | B140: 010 | C140: BTS038 | D140: 71385-0K010 | E140: BRACKET, RR SEAT CUSHION HOLDER, RH | F140: 1000 | G140: 0 | H140: 0 | I140: 1000 | J140: 1 | K140: 0 | L140: 1000
A141: C | B141: 011 | C141: TST273 | D141: 72576-X7A01 | E141: SPRING RECLINING ADJUSTER MEMORY | F141: 1000 | G141: 0 | H141: 0 | I141: 0 | K141: 0 | L141: 0
A142: C | B142: 012 | C142: SAN003 | D142: 72131-X7A00 | E142: BRACKET SEAT TRACK RAIL FR RH | F142: 100 | G142: 0 | H142: 0 | I142: 1900 | J142: 19 | K142: 0 | L142: 1900
A143: C | B143: 013 | C143: SOB203 | D143: 72292-X7A00 | E143: PLATE SEAT TRACK MEMORY NO1 | F143: 300 | G143: 0 | H143: 0 | I143: 300 | J143: 1 | K143: 0 | L143: 300
A144: C | B144: 014 | C144: TTC534 | D144: 72283-X7A01 | E144: PIN SEAT TRACK OPEN NO1 | F144: 500 | G144: 0 | H144: 0 | I144: 500 | J144: 1 | K144: 0 | L144: 500
A145: C | B145: 015 | C145: BTS043 | D145: 72651-0K010 | E145: ROD,RR SEAT LOCK | F145: 100 | G145: 0 | H145: 0 | I145: 2200 | J145: 22 | K145: 0 | L145: 2200
A146: C | B146: 016 | C146: MIZ007 | D146: 72577-X7A00 | E146: STOPPER FR SEAT BACK RH | F146: 300 | G146: 0 | H146: 0 | I146: 8100 | J146: 27 | K146: 0 | L146: 8100
A147: C | B147: 017 | C147: BTS010 | D147: 71897-X7A01 | E147: HOOK SEAT COVER SIDE | F147: 500 | G147: 0 | H147: 0 | I147: 6500 | J147: 13 | K147: 0 | L147: 6500
A148: C | B148: 018 | C148: KEN090 | D148: 72129-X7A00 | E148: PROTECTER SEAT TRACK LWR RAIL | F148: 200 | G148: 0 | H148: 0 | I148: 10600 | J148: 53 | K148: 0 | L148: 10600
A149: C | B149: 019 | C149: SAS152 | D149: 72611-0K010 | E149: BRACKET,RR SEAT LOCK,RH | F149: 120 | G149: 0 | H149: 0 | I149: 720 | J149: 6 | K149: 0 | L149: 720
A150: C | B150: 020 | C150: SAS140 | D150: 72442-X7A01 | E150: LINK VERTICAL TRAVEL NO2 | F150: 500 | G150: 0 | H150: 0 | I150: 5500 | J150: 11 | K150: 0 | L150: 5500
A151: C | B151: 021 | C151: BTS044 | D151: 72663-0K020 | E151: LEVER,RR SEAT LOCK CONTOROL,RH | F151: 500 | G151: 0 | H151: 0 | I151: 1000 | J151: 2 | K151: 0 | L151: 1000
A152: C | B152: 022 | C152: MIZ008 | D152: 72578-X7A00 | E152: STOPPER FR SEAT BACK LH | F152: 300 | G152: 0 | H152: 0 | I152: 8700 | J152: 29 | K152: 0 | L152: 8700
...

Sheet Press_Mar'10
C2: SUMMARY INVENTORY LIST
C3: 29 MARCH 2010
A5: ACTUAL STOCK PART PRESS
A6: CHUTER No. | B6: No. | C6: SD | D6: Part No. | E6: Part Name | F6: SUPPLIER | G6: Q'TY/BOX | H6: Actual Stock
H7: BOX | I7: PCS.
A8: 1A | B8: 1 | C8: CP1-06 | D8: 72117-X7A00 | E8: RAIL FR SEAT TRACK LWR INNER | F8: Z000-2 | G8: 25 | H8: 509 | I8: 12725
A9: 1A | B9: 2 | C9: CP1-05 | D9: 72115-X7A00 | E9: RAIL FR SEAT TRACK LWR OUTER | F9: Z000-1 | G9: 25 | H9: 400 | I9: 10000
A10: 1A | B10: 3 | C10: AP1-16 | D10: 72769-X7A01 | E10: ARM RR SEAT RECLINING LWR LH | F10: Z000-1 | G10: 35 | H10: 38 | I10: 1330
A11: 1A | B11: 4 | C11: AP1-12 | D11: 72521-X7A02 | E11: ARM RECLINING ADJUSTER LWR RH | F11: Z000-1 | G11: 35 | H11: 57 | I11: 1995
A12: 1A | B12: 5 | C12: AP1-14 | D12: 72739-X7A02 | E12: ARM RR SEAT RECLINING LWR RH | F12: Z000-1 | G12: 35 | H12: 65 | I12: 2275
A13: 1A | B13: 6 | C13: AP1-13 | D13: 72522-X7A02 | E13: ARM RECLINING ADJUSTER LWR LH | F13: Z000-1 | G13: 35 | H13: 80 | I13: 2800
A14: 1A | B14: 7 | C14: AP1-15 | D14: 72739-X7A01 | E14: ARM RR SEAT RECLINING LWR RH | F14: Z000-1 | G14: 35 | H14: 55 | I14: 1925
A15: 1A | B15: 8 | C15: AP1-17 | D15: 72739-X7A00 | E15: ARM RR SEAT RECLINING LWR RH | F15: Z000-1 | G15: 50 | H15: 40 | I15: 2000
A16: 1A | B16: 9 | C16: AP1-11 | D16: 72524-X7A00 | E16: PLATE RECLINING ADJUSTER LH | F16: Z000-1 | G16: 35 | H16: 106 | I16: 3710
A17: 1A | B17: 10 | C17: AP1-10 | D17: 72523-X7A00 | E17: PLATE RECLINING ADJUSTER RH | F17: Z000-1 | G17: 35 | H17: 47 | I17: 1645
A18: 1A | B18: 11 | C18: AP1-18 | D18: 72769-X7A00 | E18: ARM RR SEAT RECLINING LWR LH | F18: Z000-1 | G18: 50 | H18: 69 | I18: 3450
A19: 2A | B19: 1 | C19: CP1-01 | D19: 72111-X7A00 | E19: RAIL FR SEAT TRACK UPR OUTSIDE OUT RH | F19: Z000-1 | G19: 20 | H19: 200 | I19: 4000
... A38: 1C | B38: 7 | C38: CP2-02 | D38: 72161-X7A04 | E38: RAIL RR SEAT TRACK UPR | F38: Z000-1 | G38: 20 | H38: 60 | I38: 1200
A39: 2C | B39: 1 | C39: GP2-01 | D39: 71151-X1401 | E39: FRAME FR SEAT BACK RH | F39: Z000-1 | G39: 15 | H39: 0 | I39: 0
A40: 2C | B40: 2 | C40: GP2-02 | D40: 71152-X1400 | E40: FRAME FR SEAT BACK LH | F40: Z000-1 | G40: 15 | H40: 189 | I40: 2835
A41: 2C | B41: 3 | C41: DP2-10 | D41: 72144-X1400 | E41: BRACKET FR INNER SEAT TRACK LWR RR LH | F41: Z000-1 | G41: 95 | H41: 31 | I41: 2945
A42: 2C | B42: 4 | C42: DP2-08 | D42: 72142-X1400 | E42: BRACK FR INNER SEAT TRACK LWR RR LH | F42: Z000-1 | G42: 95 | H42: 12 | I42: 1140
A43: 2C | B43: 5 | C43: DP2-09 | D43: 72143-X1401 | E43: BRACKET FR INNER SEAT TRACK LWR RR RH | F43: Z000-1 | G43: 95 | H43: 30 | I43: 2850
A44: 2C | B44: 6 | C44: DP2-07 | D44: 72141-X1401 | E44: BRACKET FR INNER SEAT TRACK LWR RR RH | F44: Z000-1 | G44: 95 | H44: 12 | I44: 1140
A45: 2C | B45: 7 | C45: DP2-03 | D45: 72115-X1400 | E45: RAIL SEAT TRACK LWR | F45: Z000-1 | G45: 20 | H45: 366 | I45: 7320
A46: 1D | B46: 1 | C46: DP3-01 | D46: 72115-X1F04 | E46: RAIL, SEAT TRACK, LWR | F46: Z000-1 | G46: 20 | H46: 111 | I46: 2220
A47: 1D | B47: 2 | C47: DP3-02 | D47: 72115-X1F05 | E47: RAIL, SEAT TRACK, LWR | F47: Z000-1 | G47: 20 | H47: 137 | I47: 2740
A48: 1D | B48: 3 | C48: DP2-06 | D48: 72134-X1403 | E48: BKT FR OUT SEAT TRACK UPR PAIL LH | F48: Z000-1 | G48: 35 | H48: 106 | I48: 3710
A49: 1D | B49: 4 | C49: DP2-01 | D49: 72111-X1402 | E49: RAIL FR OUTER SEAT TRACK UPR RH | F49: Z000-1 | G49: 20 | H49: 296 | I49: 5920
A50: 1D | B50: 5 | C50: DP2-15 | D50: 72155-X1400 | E50: BRACKET SEAT TRACK HANDLE SUPPORT RH | F50: Z000-1 | G50: 70 | H50: 136 | I50: 9520
A51: 1D | B51: 6 | C51: DP2-05 | D51: 72133-X1403 | E51: BKT FR OUT SEAT TRACK UPR PAIL RH | F51: Z000-1 | G51: 35 | H51: 126 | I51: 4410
... A75: 1F | B75: 6 | C75: FP2-25 | D75: 72523-X7A01 | E75: PLART RELITING ADJUSTER LWR ARM LH | F75: Z000-1 | G75: 50 | H75: 8 | I75: 400
A76: Part Press | B76: 1 | C76: AP1-01 | D76: 71151-X7A00 | E76: FRAME FR SEAT BACK RH | F76: Z000-1 | G76: 20 | I76: 0
A77: Part Press | B77: 2 | C77: AP1-02 | D77: 71152-X7A00 | E77: FRAME FR SEAT BACK LH | F77: Z000-1 | G77: 20 | I77: 0
A78: Part Press | B78: 3 | C78: AP1-03 | D78: 71254-X7A01 | E78: FRAME RR SEAT BACK SIDE RH | F78: Z000-1 | G78: 20 | H78: 36 | I78: 720
A79: Part Press | B79: 4 | C79: AP1-04 | D79: 71255-X7A01 | E79: FRAME RR SEAT BACK SIDE LH | F79: Z000-1 | G79: 20 | H79: 68 | I79: 1360
A80: Part Press | B80: 5 | C80: AP1-05 | D80: 71254-X7A00 | E80: FRAME RR SEAT BACK SIDE RH | F80: Z000-1 | G80: 20 | I80: 0
A81: Part Press | B81: 6 | C81: AP1-06 | D81: 71255-X7A00 | E81: FRAME RR SEAT BACK SIDE LH | F81: Z000-1 | G81: 20 | H81: 63 | I81: 1260
A82: Part Press | B82: 7 | C82: AP1-10 | D82: 72523-X7A00 | E82: PLATE RECLINING ADJUSTER RH | F82: Z000-1 | G82: 35 | I82: 0
A83: Part Press | B83: 8 | C83: AP1-11 | D83: 72524-X7A00 | E83: PLATE RECLINING ADJUSTER LH | F83: Z000-1 | G83: 35 | I83: 0
A84: Part Press | B84: 9 | C84: AP1-12 | D84: 72521-X7A02 | E84: ARM RECLINING ADJUSTER LWR RH | F84: Z000-1 | G84: 35 | I84: 0
A85: Part Press | B85: 10 | C85: AP1-13 | D85: 72522-X7A02 | E85: ARM RECLINING ADJUSTER LWR LH | F85: Z000-1 | G85: 35 | I85: 0
A86: Part Press | B86: 11 | C86: AP1-14 | D86: 72739-X7A02 | E86: ARM RR SEAT RECLINING LWR RH | F86: Z000-1 | G86: 35 | I86: 0
A87: Part Press | B87: 12 | C87: AP1-15 | D87: 72739-X7A01 | E87: ARM RR SEAT RECLINING LWR RH | F87: Z000-1 | G87: 35 | I87: 0
A88: Part Press | B88: 13 | C88: AP1-16 | D88: 72769-X7A01 | E88: ARM RR SEAT RECLINING LWR LH | F88: Z000-1 | G88: 35 | H88: 68 | I88: 2380
A89: Part Press | B89: 14 | C89: AP1-17 | D89: 72739-X7A00 | E89: ARM RR SEAT RECLINING LWR RH | F89: Z000-1 | G89: 50 | I89: 0
A90: Part Press | B90: 15 | C90: AP1-18 | D90: 72769-X7A00 | E90: ARM RR SEAT RECLINING LWR LH | F90: Z000-1 | G90: 50 | I90: 0
A91: Part Press | B91: 16 | C91: AP1-20 | D91: 71875-X7A00 | E91: COVER RECLINING ADJUSTER INSIDE RH | F91: Z000-1 | G91: 300 | I91: 0
A92: Part Press | B92: 17 | C92: AP1-21 | D92: 71876-X7A00 | E92: COVER RECLINING ADJUSTER INSIDE LH | F92: Z000-1 | G92: 300 | I92: 0
A93: Part Press | B93: 18 | C93: AP1-22 | D93: 81559-X7A00 | E93: COVER PROTECTOR | F93: Z000-1 | G93: 500 | I93: 0
A94: Part Press | B94: 19 | C94: BP1-01 | D94: 72521-X7A00 | E94: ARM RECLINING ADJUSTER LWR RH | F94: Z000-1 | G94: 20 | H94: 15 | I94: 300
A95: Part Press | B95: 20 | C95: BP1-02 | D95: 72522-X7A00 | E95: ARM RECLINING ADJUSTER LWR LH | F95: Z000-1 | G95: 20 | I95: 0
A96: Part Press | B96: 21 | C96: BP1-03 | D96: 72521-X7A01 | E96: ARM RECLINING ADJUSTER LWR RH | F96: Z000-1 | G96: 20 | H96: 66 | I96: 1320
A97: Part Press | B97: 22 | C97: BP1-04 | D97: 72522-X7A01 | E97: ARM RECLINING ADJUSTER LWR LH | F97: Z000-1 | G97: 20 | H97: 115 | I97: 2300
A98: Part Press | B98: 23 | C98: CP1-01 | D98: 72111-X7A00 | E98: RAIL FR SEAT TRACK UPR OUTSIDE OUT RH | F98: Z000-1 | G98: 20 | I98: 0
A99: Part Press | B99: 24 | C99: CP1-02 | D99: 72112-X7A00 | E99: RAIL FR SEAT TRACK UPR OUTSIDE OUT LH | F99: Z000-1 | G99: 20 | I99: 0
A100: Part Press | B100: 25 | C100: CP1-03 | D100: 72113-X7A00 | E100: RAIL FR SEAT TRACK UPR INSIDE OUT RH | F100: Z000-1 | G100: 30 | I100: 0
A101: Part Press | B101: 26 | C101: CP1-04 | D101: 72114-X7A00 | E101: RAIL FR SEAT TRACK UPR INSIDE OUT LH | F101: Z000-1 | G101: 30 | I101: 0
A102: Part Press | B102: 27 | C102: CP1-05 | D102: 72115-X7A00 | E102: RAIL FR SEAT TRACK LWR OUTER | F102: Z000-1 | G102: 25 | H102: 85 | I102: 2125
A103: Part Press | B103: 28 | C103: CP1-06 | D103: 72117-X7A00 | E103: RAIL FR SEAT TRACK LWR INNER | F103: Z000-2 | G103: 25 | H103: 22 | I103: 550
A104: Part Press | B104: 29 | C104: CP2-01 | D104: 72161-X7A03 | E104: RAIL RR SEAT TRACK UPR | F104: Z000-1 | G104: 20 | I104: 0
A105: Part Press | B105: 30 | C105: CP2-02 | D105: 72161-X7A04 | E105: RAIL RR SEAT TRACK UPR | F105: Z000-1 | G105: 20 | I105: 0
A106: Part Press | B106: 31 | C106: CP2-03 | D106: 72161-X7A05 | E106: RAIL RR SEAT TRACK UPR | F106: Z000-1 | G106: 25 | I106: 0
A107: Part Press | B107: 32 | C107: CP2-04 | D107: 72165-X7A02 | E107: RAIL RR SEAT TRACK LWR | F107: Z000-1 | G107: 15 | I107: 0
A108: Part Press | B108: 33 | C108: DP2-01 | D108: 72111-X1402 | E108: RAIL FR OUTER SEAT TRACK UPR RH | F108: Z000-1 | G108: 20 | I108: 0
A109: Part Press | B109: 34 | C109: DP2-02 | D109: 72111-X1403 | E109: RAIL FR OUTER SEAT TRACK UPR RH | F109: Z000-1 | G109: 20 | I109: 0
A110: Part Press | B110: 35 | C110: DP2-03 | D110: 72115-X1400 | E110: RAIL SEAT TRACK LWR | F110: Z000-1 | G110: 20 | I110: 0
A111: Part Press | B111: 36 | C111: DP2-04 | D111: 72115-X1401 | E111: RAIL SEAT TRACK LWR | F111: Z000-1 | G111: 20 | I111: 0
A112: Part Press | B112: 37 | C112: DP2-05 | D112: 72133-X1403 | E112: BKT FR OUT SEAT TRACK UPR PAIL RH | F112: Z000-1 | G112: 35 | I112: 0
A113: Part Press | B113: 38 | C113: DP2-06 | D113: 72134-X1403 | E113: BKT FR OUT SEAT TRACK UPR PAIL LH | F113: Z000-1 | G113: 35 | I113: 0
A114: Part Press | B114: 39 | C114: DP2-07 | D114: 72141-X1401 | E114: BRACKET FR INNER SEAT TRACK LWR RR RH | F114: Z000-1 | G114: 95 | I114: 0
A115: Part Press | B115: 40 | C115: DP2-08 | D115: 72142-X1400 | E115: BRACK FR INNER SEAT TRACK LWR RR LH | F115: Z000-1 | G115: 95 | I115: 0
... A146: Part Press | B146: 71 | C146: GP2-02 | D146: 71152-X1400 | E146: FRAME FR SEAT BACK LH | F146: Z000-1 | G146: 15 | I146: 0
A148: Total List | B148: =COUNT(B8:B146) -> 139 | C148: Number | F148: Grand Total Q'ty | H148: =SUM(H8:H146) -> 9304 | I148: =SUM(I8:I146) -> 331358

Sheet WIP_Mar'10
A2: SUMMARY INVENTORY LIST
A3: 29 MARCH 2010
A6: LINE | B6: No. | C6: SD | D6: Part No. | E6: Part Name | F6: Actual Stock | G6: Remark
A7: On Shoot SK4G | B7: 1 | C7: AOY002 | D7: 90174-T0003 | E7: NUT WELD | F7: 0 | G7: 0 | H7: 0
A8: On Shoot SK4G | B8: 2 | C8: AOY003 | D8: 90174-T0004 | E8: NUT WELD | F8: 0 | G8: 0 | H8: 0
A9: On Shoot SK4G | B9: 3 | C9: BTS050 | D9: 71187-X1400 | E9: BRACKET FR SEAT BACK HINGE SUPPORT | F9: 0 | G9: 0 | H9: 0
A10: On Shoot SK4G | B10: 4 | C10: BTS052 | D10: 78757-X1402 | E10: SPRING TORSION RH | F10: 700 | G10: 0 | H10: 0
A11: On Shoot SK4G | B11: 5 | C11: BTS058 | D11: 71186-X1400 | E11: BRACKET FR SEAT SIDE SUPPORT | F11: 0 | G11: 0 | H11: 0
A12: On Shoot SK4G | B12: 6 | C12: BTS059 | D12: 71186-X1401 | E12: BRACKET FR SEAT SIDE SUPPORT | F12: 0 | G12: 0 | H12: 0
A13: On Shoot SK4G | B13: 7 | C13: MIT113 | D13: 72519-X1404 | E13: PIN RECLINING HINGE | F13: 0 | G13: 0 | H13: 0
A14: On Shoot SK4G | B14: 8 | C14: MIT114 | D14: 72519-X1405 | E14: PIN RECLINING HINGE | F14: 0 | G14: 0 | H14: 0
A15: On Shoot SK4G | B15: 9 | C15: MIT115 | D15: 89966-X1404 | E15: RIVET | F15: 0 | G15: 0 | H15: 0
A16: On Shoot SK4G | B16: 10 | C16: MIT118 | D16: 72447-X1403 | E16: PIN VERTICAL ADJUSTER NO.1 | F16: 300 | G16: 0 | H16: 0
A17: On Shoot SK4G | B17: 11 | C17: MIT119 | D17: 72448-X1401 | E17: PIN FR SEAT ADJUSTER NO.2 | F17: 372 | G17: 0 | H17: 0
A18: On Shoot SK4G | B18: 12 | C18: MIT122 | D18: 90243-X1401 | E18: PIN | F18: 1500 | G18: 0 | H18: 0
... A393: 20 | B393: 4 | C393: TOP312 | D393: B1127-12848 | E393: PIPE F=12.7 T=1.2 L=848 MM | F393: 603 | G393: 0 | H393: 0
A394: 21 | B394: 1 | C394: GA0-01 | D394: 72211-0K010 | E394: LOOP HANDLE | F394: 0 | G394: 0 | H394: 0
A395: 21 | B395: 2 | C395: TOP310 | D395: B1120-08764 | E395: PIPE F=12 T=0.8 L=764 FR | F395: 1415 | G395: 0 | H395: 0
A396: 22 | B396: 1 | C396: AB0-01 | D396: 72011-0K010 | E396: F/B SIDE FRAME S/ASSY | F396: 0 | G396: 0 | H396: 0
A397: 22 | B397: 2 | C397: AB0-02 | D397: 72021-0K010 | E397: F/B SIDE FRAME S/ASSY | F397: 0 | G397: 0 | H397: 0
A398: 22 | B398: 3 | C398: AB0-03 | D398: 72022-0K010 | E398: F/B SIDE FRAME S/ASSY | F398: 0 | G398: 0 | H398: 0
A399: 22 | B399: 4 | C399: AB0-04 | D399: 72012-0K010 | E399: F/B SIDE FRAME S/ASSY | F399: 0 | G399: 0 | H399: 0
A400: 22 | B400: 5 | C400: AB0-05 | D400: 72730-0K020 | E400: 2ND/B SIDE FRAME S/ASSY | F400: 0 | G400: 0 | H400: 0
A401: 22 | B401: 6 | C401: AB0-06 | D401: 72710-0K020 | E401: 2ND/B SIDE FRAME S/ASSY | F401: 0 | G401: 0 | H401: 0
A402: 22 | B402: 7 | C402: AB0-07 | D402: 72720-0K020 | E402: ADJ.ASSY RR S/B INR LH 40% | F402: 0 | G402: 0 | H402: 0
A403: 22 | B403: 8 | C403: AB0-09 | D403: 72730-0K030 | E403: 2ND/B SIDE FRAME S/ASSY | F403: 0 | G403: 0 | H403: 0
A404: 22 | B404: 9 | C404: AB0-10 | D404: 72710-0K030 | E404: 2ND/B SIDE FRAME S/ASSY | F404: 0 | G404: 0 | H404: 0
A405: 22 | B405: 10 | C405: AB0-12 | D405: 72740-0K030 | E405: 2ND/B SIDE FRAME S/ASSY | F405: 0 | G405: 0 | H405: 0
... A650: 31 | B650: 34 | C650: TTC542 | D650: 72401-X7A02 | E650: GUIDE SUB-ASSY SEAT TRACK ROLLER | F650: 181 | G650: 0 | H650: 0
A651: 32-1 | B651: 1 | C651: AOY001 | D651: 72641-0K020 | E651: RIVET | F651: 514 | G651: 0 | H651: 0
A652: 32-1 | B652: 2 | C652: BB0-01 | D652: 72503-0K010 | E652: FR LWR ARM S/A LIF RH OUT | F652: 0 | G652: 0 | H652: 0
A653: 32-1 | B653: 3 | C653: BB0-04 | D653: 72504-0K020 | E653: FR LWR ARM S/A LIF LH OUT | F653: 0 | G653: 0 | H653: 0
A654: 32-1 | B654: 4 | C654: BP1-01 | D654: 72521-X7A00 | E654: ARM RECLINING ADJUSTER LWR RH | F654: 0 | G654: 0 | H654: 0
A655: 32-1 | B655: 5 | C655: BP1-04 | D655: 72522-X7A01 | E655: ARM RECLINING ADJUSTER LWR LH | F655: 0 | G655: 0 | H655: 0
A656: 32-1 | B656: 6 | C656: BTS015 | D656: 72441-X7A00 | E656: LINK VERTICAL TRAVEL NO1 | F656: 8 | G656: 0 | H656: 0
A657: 32-1 | B657: 7 | C657: MIT111 | D657: 72409-X7A00 | E657: SHAFT SUB-ASSY VERTICAL ADJUSTER | F657: 0 | G657: 0 | H657: 0
A658: 32-1 | B658: 8 | C658: MIT112 | D658: 72409-X7A01 | E658: SHAFT SUB-ASSY VERTICAL ADJUSTER | F658: 33 | G658: 0 | H658: 0
A659: 32-1 | B659: 9 | C659: MIZ005 | D659: 72133-X7A00 | E659: BRACKET FR SEAT TRACK RAIL RR RH | F659: 451 | G659: 0 | H659: 0
A660: 32-1 | B660: 10 | C660: MIZ006 | D660: 72134-X7A00 | E660: BRACKET FR SEAT TRACK RAIL RR LH | F660: 334 | G660: 0 | H660: 0
A661: 32-1 | B661: 11 | C661: MIZ009 | D661: 71821-X7A00 | E661: BRACKET SHEELD SET NO1 | F661: 238 | G661: 0 | H661: 0
A662: 32-1 | B662: 12 | C662: MIZ010 | D662: 71823-X7A00 | E662: BRACKET SHEELD SET NO2 | F662: 45 | G662: 0 | H662: 0
... A687: 32-2 | B687: 13 | C687: TTC518 | D687: 72469-X7A00 | E687: PIN VERTICAL ADJUSTER NO1 | F687: 0 | G687: 0 | H687: 0
A688: 33 | B688: 1 | C688: EA0-01 | D688: 71350-0K010 | E688: RR HINGE ASSY RH OUT | F688: 0 | G688: 0 | H688: 0
A689: 33 | B689: 2 | C689: EA0-02 | D689: 71350-0K020 | E689: RR HINGE ASSY RH INN | F689: 0 | G689: 0 | H689: 0
A690: 33 | B690: 3 | C690: EA0-03 | D690: 71360-0K010 | E690: RR HINGE ASSY LH OUT | F690: 0 | G690: 0 | H690: 0
A691: 33 | B691: 4 | C691: EA0-04 | D691: 71360-0K020 | E691: RR HINGE ASSY LH INN | F691: 0 | G691: 0 | H691: 0
A692: 33 | B692: 5 | C692: EF9-01 | D692: 71302-0K010 | E692: HINGE SUB-ASSY | F692: 5 | G692: 0 | H692: 0
A693: 33 | B693: 6 | C693: EF9-02 | D693: 71301-0K010 | E693: HINGE SUB-ASSY | F693: 19 | G693: 0 | H693: 0
A694: 33 | B694: 7 | C694: EF9-03 | D694: 71302-0K020 | E694: HINGE SUB-ASSY | F694: 46 | G694: 0 | H694: 0
A695: 33 | B695: 8 | C695: EF9-04 | D695: 71301-0K040 | E695: HINGE SUB-ASSY | F695: 37 | G695: 0 | H695: 0
A696: 33 | B696: 9 | C696: EF9-05 | D696: 71302-0K060 | E696: HINGE SUB-ASSY | F696: 36 | G696: 0 | H696: 0
A697: 33 | B697: 10 | C697: KEN094 | D697: 72959-0K010 | E697: SPACER RR SEAT TURN SIDE | F697: 131 | G697: 0 | H697: 0
A698: 33 | B698: 11 | C698: NHK122 | D698: 72649-0K110 | E698: SPRING RR SEAT CUSHION SUPPORT | F698: 247 | G698: 0 | H698: 0
A699: 33 | B699: 12 | C699: NHK123 | D699: 72649-0K120 | E699: SPRING RR SEAT CUSHION SUPPORT | F699: 144 | G699: 0 | H699: 0
... A856: 103 | B856: 21 | C856: ST3-08 | D856: 72104-X1405 | E856: FR SEAT TRACK LWR RAIL PWR LH INN | F856: 0 | G856: 0 | H856: 0
A857: 110-1 | B857: 1 | C857: AOY002 | D857: 90174-T0003 | E857: NUT WELD | F857: 1268 | G857: 0 | H857: 0
A858: 110-1 | B858: 2 | C858: BTS054 | D858: 72456-X1402 | E858: BRACKET SEAT FRAME SET NO.2 | F858: 150 | G858: 0 | H858: 0
A859: 110-1 | B859: 3 | C859: BTS055 | D859: 72456-X1400 | E859: BRACKET SEAT FRAME SET NO.2 | F859: 300 | G859: 0 | H859: 0
A860: 110-1 | B860: 4 | C860: DP2-05 | D860: 72133-X1403D | E860: BKT FR OUT SEAT TRACK UPR PAIL RH | F860: 59 | G860: 0 | H860: 0
A861: 110-1 | B861: 5 | C861: DP2-06 | D861: 72134-X1403D | E861: BKT FR OUT SEAT TRACK UPR PAIL LH | F861: 112 | G861: 0 | H861: 0
A862: 110-1 | B862: 6 | C862: MIT143 | D862: 72149-X1F08 | E862: PIN FR SEAT LOCATION | F862: 1544 | G862: 0 | H862: 0
A863: 110-1 | B863: 7 | C863: MIZ019 | D863: 72456-X1F01 | E863: BRACKET SEAT FRAME SET,NO.2 | F863: 280 | G863: 0 | H863: 0
A864: 110-1 | B864: 8 | C864: MIZ020 | D864: 72456-X1F02 | E864: BRACKET SEAT FRAME SET,NO.2 | F864: 280 | G864: 0 | H864: 0
A865: 110-1 | B865: 9 | C865: SAN009 | D865: 73191-X1401 | E865: BRACKET SEAT BELT INNER ANCHOR NO.1 RH | F865: 57 | G865: 0 | H865: 0
A866: 110-1 | B866: 10 | C866: SAN010 | D866: 73192-X1400 | E866: BRACKET SEAT BELT INNER ANCHOR NO.1 LH | F866: 111 | G866: 0 | H866: 0
A867: 110-1 | B867: 11 | C867: SAN015 | D867: 73191-X1F07 | E867: BRACKET SEAT BELT INNER ANCHOR NO1 RH | F867: 99 | G867: 0 | H867: 0
A868: 110-1 | B868: 12 | C868: SAN016 | D868: 73192-X1F07 | E868: BRACKET SEAT BELT INNER ANCHOR NO1 LH | F868: 21 | G868: 0 | H868: 0
... A915: 110-2 | B915: 29 | C915: TTC633 | D915: 72419-X1402 | E915: NUT FR SEAT VERTICAL GEAR | F915: 38 | G915: 0 | H915: 0
A916: 140 | B916: 1 | C916: AOY002 | D916: 90174-T0003 | E916: NUT WELD | F916: 979 | G916: 0 | H916: 0
A917: 140 | B917: 2 | C917: BTS056 | D917: 78757-X1407 | E917: SPRING TORSION RH | F917: 99 | G917: 0 | H917: 0
A918: 140 | B918: 3 | C918: BTS057 | D918: 78767-X1407 | E918: SPRING TORSION LH | F918: 308 | G918: 0 | H918: 0
A919: 140 | B919: 4 | C919: BTS058 | D919: 71186-X1400 | E919: BRACKET FR SEAT SIDE SUPPORT | F919: 11 | G919: 0 | H919: 0
A920: 140 | B920: 5 | C920: BTS059 | D920: 71186-X1401 | E920: BRACKET FR SEAT SIDE SUPPORT | F920: 15 | G920: 0 | H920: 0
A921: 140 | B921: 6 | C921: CD0-03 | D921: 72130-06020 | E921: SEAT TRACK MNL 4 WAY INNER RH | F921: 0 | G921: 0 | H921: 0
A922: 140 | B922: 7 | C922: CD0-04 | D922: 72130-06040 | E922: SEAT TRACK MNL 4 WAY INNER RH | F922: 0 | G922: 0 | H922: 0
A923: 140 | B923: 8 | C923: CD0-07 | D923: 72140-06020 | E923: SEAT TRACK MNL 4 WAY INNER LH | F923: 0 | G923: 0 | H923: 0
A924: 140 | B924: 9 | C924: CD0-08 | D924: 72140-06040 | E924: SEAT TRACK MNL 4 WAY INNER LH | F924: 0 | G924: 0 | H924: 0
A925: 140 | B925: 10 | C925: CD0-11 | D925: 72130-06030 | E925: SEAT TRACK MNL 6 WAY INNER RH | F925: 0 | G925: 0 | H925: 0
A926: 140 | B926: 11 | C926: CD0-12 | D926: 72130-06050 | E926: SEAT TRACK MNL 6 WAY INNER RH | F926: 0 | G926: 0 | H926: 0
A927: 140 | B927: 12 | C927: CD0-15 | D927: 72140-06030 | E927: SEAT TRACK MNL 6 WAY INNER LH | F927: 0 | G927: 0 | H927: 0
... A1231: 211 | B1231: 12 | C1231: ZB0-05 | D1231: 72456-X1F05 | E1231: BRACKET,SEAT FRAME ST NO.2 | F1231: 0 | G1231: 0 | H1231: 0
A1232: 242 | B1232: 1 | C1232: AOY002 | D1232: 90174-T0003 | E1232: NUT WELD | F1232: 1157 | G1232: 0 | H1232: 0
A1233: 242 | B1233: 2 | C1233: BTS056 | D1233: 78757-X1407 | E1233: SPRING TORSION RH | F1233: 193 | G1233: 0 | H1233: 0
A1234: 242 | B1234: 3 | C1234: BTS057 | D1234: 78767-X1407 | E1234: SPRING TORSION LH | F1234: 358 | G1234: 0 | H1234: 0
A1235: 242 | B1235: 4 | C1235: DP2-01 | D1235: 72111-X1402B | E1235: RAIL FR OUTER SEAT TRACK UPR RH | F1235: 25 | G1235: 0 | H1235: 0
A1236: 242 | B1236: 5 | C1236: DP2-15 | D1236: 72155-X1400 | E1236: BRACKET SEAT TRACK HANDLE SUPPORT RH | F1236: 5 | G1236: 0 | H1236: 0
A1237: 242 | B1237: 6 | C1237: DP2-16 | D1237: 72156-X1400 | E1237: BRACKET SEAT TRACK HANDLE SUPPORT LH | F1237: 103 | G1237: 0 | H1237: 0
A1238: 242 | B1238: 7 | C1238: DP3-03 | D1238: 72133-X1F02 | E1238: BKT, FR INN SEAT TRACK UPR RAIL, RH | F1238: 47 | G1238: 0 | H1238: 0
A1239: 242 | B1239: 8 | C1239: DP3-04 | D1239: 72134-X1F02 | E1239: BKT, FR INN SEAT TRACK UPR RAIL, LH | F1239: 26 | G1239: 0 | H1239: 0
A1240: 242 | B1240: 9 | C1240: DP4-01 | D1240: 72133-X1F03 | E1240: BKT, FR OUT SEAT TRACK UPR RAIL, RH | F1240: 46 | G1240: 0 | H1240: 0
A1241: 242 | B1241: 10 | C1241: DP4-02 | D1241: 72134-X1F03 | E1241: BATFR INNS/T UPRRAIL LH | F1241: 59 | G1241: 0 | H1241: 0
A1242: 242 | B1242: 11 | C1242: EAT001 | D1242: 72265-X1400 | E1242: COVER SEAT TRACK UPR RAIL | F1242: 138 | G1242: 0 | H1242: 0
A1243: 242 | B1243: 12 | C1243: KEN097 | D1243: 72129-X1F01 | E1243: PROTECTOR SEAT TRACK LWR RAIL | F1243: 439 | G1243: 0 | H1243: 0
... A1297: 242 | B1297: 66 | C1297: YC0-12 | D1297: 71013-X1421 | E1297: TRACK ASSY, F/S INNER LH | F1297: 0 | G1297: 0 | H1297: 0
A1298: 243 | B1298: 1 | C1298: AOY002 | D1298: 90174-T0003 | E1298: NUT WELD | F1298: 979 | G1298: 0 | H1298: 0
A1299: 243 | B1299: 2 | C1299: BTS056 | D1299: 78757-X1407 | E1299: SPRING TORSION RH | F1299: 346 | G1299: 0 | H1299: 0
A1300: 243 | B1300: 3 | C1300: BTS057 | D1300: 78767-X1407 | E1300: SPRING TORSION LH | F1300: 326 | G1300: 0 | H1300: 0
A1301: 243 | B1301: 4 | C1301: DP2-01 | D1301: 72111-X1402 | E1301: RAIL FR OUTER SEAT TRACK UPR RH | F1301: 32 | G1301: 0 | H1301: 0
A1302: 243 | B1302: 5 | C1302: DP2-15 | D1302: 72155-X1400 | E1302: BRACKET SEAT TRACK HANDLE SUPPORT RH | F1302: 4 | G1302: 0 | H1302: 0
A1303: 243 | B1303: 6 | C1303: DP2-16 | D1303: 72156-X1400 | E1303: BRACKET SEAT TRACK HANDLE SUPPORT LH | F1303: 21 | G1303: 0 | H1303: 0
...

Sheet FG_Mar'10
B3: SUMMARY INVENTORY LIST
B4: 29 MARCH 2010
A7: FINISH GOODS | G7: ACTUAL STOCK
A9: SHOOTER | C9: SD CODE | D9: PARTS NO. | E9: PART NAME | F9: Q'TY/BOX | G9: ACTUAL / PCS. | H9: ACTUAL / KB. | I9: DIFF.
A10: A | B10: 001 | C10: CA0-02 | D10: 72130-0K010 | E10: FR TRACK ASSY | F10: 4 | G10: 472 | H10: 118
A11: A | B11: 002 | C11: CA0-05 | D11: 72110-0K020 | E11: FR TRACK ASSY | F11: 4 | G11: 232 | H11: 58
A12: A | B12: 003 | C12: CA0-01 | D12: 72110-0K010 | E12: FR TRACK ASSY | F12: 4 | G12: 424 | H12: 106
A13: A | B13: 004 | C13: CA0-07 | D13: 72120-0K020 | E13: FR TRACK ASSY | F13: 4 | G13: 448 | H13: 112
A14: A | B14: 005 | C14: CA0-06 | D14: 72130-0K020 | E14: FR TRACK ASSY | F14: 4 | G14: 284 | H14: 71
A15: A | B15: 006 | C15: CA0-04 | D15: 72140-0K010 | E15: FR TRACK ASSY | F15: 4 | G15: 456 | H15: 114
A16: A | B16: 007 | C16: CA0-03 | D16: 72120-0K010 | E16: FR TRACK ASSY | F16: 4 | G16: 484 | H16: 121
A17: A | B17: 008 | C17: CA0-08 | D17: 72140-0K020 | E17: FR TRACK ASSY | F17: 4 | G17: 424 | H17: 106
A18: A | B18: 009 | C18: AB0-07 | D18: 72720-0K020 | E18: 2ND/B SIDE FRAME S/ASSY | F18: 8 | G18: 560 | H18: 70
A19: A | B19: 010 | C19: AB0-09 | D19: 72730-0K030 | E19: 2ND/B SIDE FRAME S/ASSY | F19: 8 | G19: 392 | H19: 49
A20: A | B20: 011 | C20: AB0-10 | D20: 72710-0K030 | E20: 2ND/B SIDE FRAME S/ASSY | F20: 8 | G20: 376 | H20: 47
A21: A | B21: 012 | C21: AB0-12 | D21: 72740-0K030 | E21: 2ND/B SIDE FRAME S/ASSY | F21: 8 | G21: 544 | H21: 68
... A169: Out of Shooter # 1 | B169: 001 | C169: 344-17 | D169: 72140-X1701 | E169: TRACK ASSY, FR SEAT, INNER LH | F169: 4 | G169: 16 | H169: 4
A170: Out of Shooter # 1 | B170: 002 | C170: CD0-10 | D170: 72110-06050 | E170: FR SEAT TRACK RH SEAT OUTER AU MNL 6 WAY | F170: 4 | G170: 0
A171: Out of Shooter # 1 | B171: 003 | C171: CD0-12 | D171: 72130-06050 | E171: FR SEAT TRACK RH SEAT INNER AU MNL | F171: 4 | G171: 0
A172: Out of Shooter # 1 | B172: 004 | C172: CD0-27 | D172: 72110-06070 | E172: FR SEAT TRACK RH SEAT OUTER STD MNL 4 WAY | F172: 4 | G172: 0
A173: Out of Shooter # 1 | B173: 005 | C173: CD0-28 | D173: 72130-06070 | E173: FR SEAT TRACK RH SEAT INNER MNL | F173: 4 | G173: 0
A174: Out of Shooter # 1 | B174: 006 | C174: CD0-29 | D174: 72140-06070 | E174: FR SEAT TRACK LH SEAT INNER STD MNL 6 WAY | F174: 4 | G174: 0
A175: Out of Shooter # 1 | B175: 007 | C175: CD0-30 | D175: 72120-06070 | E175: FR SEAT TRACK LH SEAT OUTER MNL 6 WAY | F175: 4 | G175: 0
A176: Out of Shooter # 1 | B176: 008 | C176: CE0-19 | D176: 72130-X1413 | E176: FR SEAT TRACK RH SEAT INNER AU PWR | F176: 4 | G176: 24 | H176: 6
A177: Out of Shooter # 1 | B177: 009 | C177: CE0-22 | D177: 72140-X1411 | E177: FR SEAT TRACK LH SEAT INNER AU PWR 8 WAY | F177: 4 | G177: 0
A178: Out of Shooter # 1 | B178: 010 | C178: CE0-23 | D178: 72110-X1410 | E178: FR SEAT TRACK RH SEAT OUTER PWR | F178: 4 | G178: 0
A179: Out of Shooter # 1 | B179: 011 | C179: CE0-24 | D179: 72130-X1411 | E179: FR SEAT TRACK RH SEAT INNER PWR 4 WAY | F179: 4 | G179: 0
A180: Out of Shooter # 1 | B180: 012 | C180: CE0-25 | D180: 72120-X1409 | E180: FR SEAT TRACK LH SEAT OUTER PWR | F180: 4 | G180: 0
A181: Out of Shooter # 1 | B181: 013 | C181: CE0-26 | D181: 72140-X1409 | E181: FR SEAT TRACK LH SEAT INNER PWR 4 WAY | F181: 4 | G181: 0
A182: Out of Shooter # 1 | B182: 014 | C182: CE0-31 | D182: 72110-X1412 | E182: FR SEAT TRACK RH SEAT OUTER PWR | F182: 4 | G182: 0
A183: Out of Shooter # 1 | B183: 015 | C183: CE0-32 | D183: 72120-X1411 | E183: FR SEAT TRACK LH SEAT OUTER PWR | F183: 4 | G183: 0
A184: Out of Shooter # 1 | B184: 016 | C184: CE0-33 | D184: 72130-X1414 | E184: FR SEAT TRACK RH SEAT INNER PWR | F184: 4 | G184: 8 | H184: 2
A185: Out of Shooter # 1 | B185: 017 | C185: CE0-34 | D185: 72140-X1412 | E185: FR SEAT TRACK LH SEAT INNER PWR | F185: 4 | G185: 0
A186: Out of Shooter # 1 | B186: 018 | C186: JA0-03 | D186: 78960-0K060 | E186: BAND ASSY,FOLD SEAT STOPPER,NO.2 | F186: 30 | G186: 840 | H186: 28
A187: Out of Shooter # 1 | B187: 019 | C187: JA0-04 | D187: 78960-0K020-E0 | E187: BAND ASSY,FOLD SEAT STOPPER,NO.2 | F187: 30 | G187: 810 | H187: 27
A188: Out of Shooter # 1 | B188: 020 | C188: JA0-05 | D188: 78960-0K040-E0 | E188: BAND ASSY,FOLD SEAT STOPPER,NO.2 | F188: 30 | G188: 180 | H188: 6
A189: Out of Shooter # 1 | B189: 021 | C189: N32-05 | D189: 72537-X1K00 | E189: CAM | F189: 250 | G189: 30500 | H189: 122
A190: Out of Shooter # 1 | B190: 022 | C190: N32-28 | D190: 72533-X1K00 | E190: PAW1 RH | F190: 1000 | G190: 228000 | H190: 228
A191: Out of Shooter # 1 | B191: 023 | C191: N32-29 | D191: 72534-X1K00 | E191: PAW1 LH | F191: 1000 | G191: 211000 | H191: 211
A192: Out of Shooter # 1 | B192: 024 | C192: RR0-01 | D192: 72510-X1M15 | E192: ADJUSTER ASSY, FR SEAT RECLINING, RH (EXP) | F192: 36 | G192: 2628 | H192: 73
A193: Out of Shooter # 1 | B193: 025 | C193: RR0-02 | D193: 72520-X1M16 | E193: ADJUSTER ASSY, FR SEAT RECLINING, LH (EXP) | F193: 36 | G193: 1728 | H193: 48
A194: Out of Shooter # 1 | B194: 026 | C194: RR0-03 | D194: 72510-X1M15-IN | E194: ADJUSTER ASSY, FR SEAT RECLINING, RH (EXP) | F194: 36 | G194: 2196 | H194: 61
A195: Out of Shooter # 1 | B195: 027 | C195: RR0-04 | D195: 72520-X1M16-IN | E195: ADJUSTER ASSY, FR SEAT RECLINING, LH (EXP) | F195: 36 | G195: 2232 | H195: 62
A196: Out of Shooter # 1 | B196: 028 | C196: ZB0-03 | D196: 72265-X1400 | E196: COVER, SEAT TRACK UPR RAIL | F196: 500 | G196: 0
A197: Out of Shooter # 1 | B197: 029 | C197: ZA0-05 | D197: 72401-X7A13 | E197: BRAKE SUB-ASSY VERTICAL ADJUSTER FR | F197: 20 | G197: 0
A198: Out of Shooter # 1 | B198: 030 | C198: ZA0-06 | D198: 72401-X7A14 | E198: BRAKE SUB-ASSY VERTICAL ADJUSTER FR | F198: 20 | G198: 0
A199: Out of Shooter # 1 | B199: 031 | C199: ZA0-07 | D199: 72409-X7A00 | E199: SHAFT SUB-ASSY VERTICAL ADJUSTER | F199: 100 | G199: 0
A200: Out of Shooter # 1 | B200: 032 | C200: ZA0-08 | D200: 72409-X7A01 | E200: SHAFT SUB-ASSY VERTICAL ADJUSTER | F200: 100 | G200: 0
A201: Out of Shooter # 1 | B201: 033 | C201: ZA0-09 | D201: 72745-X7A00 | E201: PIN RR SEAT RECLINING HINGE | F201: 400 | G201: 0
A202: Out of Shooter # 1 | B202: 034 | C202: ZA0-10 | D202: 72429-X7A01 | E202: PLATE VERTICAL ADJUSTER LH | F202: 100 | G202: 0
A203: Out of Shooter # 1 | B203: 035 | C203: ZA0-11 | D203: 72641-0K020 | E203: RIVET | F203: 2000 | G203: 0
A204: Out of Shooter # 1 | B204: 036 | C204: ZA0-20 | D204: 71897-X7A01 | E204: HOOK SEAT COVER SIDE | F204: 300 | G204: 0
A205: Out of Shooter # 1 | B205: 037 | C205: ZA0-21 | D205: 79299-0K020 | E205: HOOK | F205: 100 | G205: 0
A206: Out of Shooter # 1 | B206: 038 | C206: ZA0-22 | D206: 79481-0K010 | E206: PLATE | F206: 500 | G206: 0
A207: Out of Shooter # 1 | B207: 039 | C207: ZB0-04 | D207: 72456-X1F04 | E207: BRACKET , SEAT FRAME SET , NO.2 | F207: 150 | G207: 0
... A230: Out of Shooter # 1 | B230: 062 | C230: ZA0-51 | D230: 72204-X7A00 | E230: LOCK SUB-ASSY, SEAT TRACK, LH | F230: 24 | G230: 0
B231: TOTAL LIST | C231: =COUNT(G10:G230) -> 221 | D231: NUMBER | E231: Grand Total Q'ty | G231: =SUM(G10:G230) -> 516526 | H231: =SUM(H10:H230) -> 6401

Sheet WIP_Part_Calculate
A1: Part Work In Process | F1: WIP_Sep'09 | G1: Production Rec. | H1: Production Used | K1: WIP_Oct'09 | M1: Ending - Beg. | N1: % Ending | O1: Ending Up | P1: Ending Down
A2: Supplier | B2: Back_No. | C2: Parts_No. | D2: Parts_Name | E2: Qty_per_Pallet | F2: Beginning_WIP | G2: Out From W/H | H2: Press_Production | I2: BOM_Sub Assy | J2: BOM_FG | K2: Ending_WIP | M2: Q'ty | N2: Up / Down | O2: >= 30% | P2: <=-30%
A3: A010-1 | B3: AOY001 | C3: 72641-0K020 | D3: RIVET | E3: 2000 | F3: =SUMIF(#REF!,B3,#REF!) -> #REF! | G3: =SUMIF(#REF!,B3,#REF!) -> #REF! | H3: =SUMIF(#REF!,B3,#REF!)*-1 -> #REF! | I3: =SUMIF('BOM_Sub Assy'!C:C,B3,'BOM_Sub Assy'!G:G)*-1 -> 0 | J3: =SUMIF(BOM_FG!C:C,B3,BOM_FG!G:G)*-1 -> -95 | K3: =SUM(F3:J3) -> #REF! | M3: =K3-F3 -> #REF! | N3: =IF(ISERROR(IF(M3=0,0,(M3/F3))),"New Stock",(IF(M3=0,0,(M3/F3)))) -> New Stock | O3: =IF(N3>=30%,N3,"-") -> New Stock | P3: =IF(N3<=-30%,N3,"-") -> -
A4: A010-1 | B4: AOY002 | C4: 90174-T0003 | D4: NUT WELD | E4: 1000 | F4: =SUMIF(#REF!,B4,#REF!) -> #REF! | G4: =SUMIF(#REF!,B4,#REF!) -> #REF! | H4: =SUMIF(#REF!,B4,#REF!)*-1 -> #REF! | I4: =SUMIF('BOM_Sub Assy'!C:C,B4,'BOM_Sub Assy'!G:G)*-1 -> -96 | J4: =SUMIF(BOM_FG!C:C,B4,BOM_FG!G:G)*-1 -> -337 | K4: =SUM(F4:J4) -> #REF! | M4: =K4-F4 -> #REF! | N4: =IF(ISERROR(IF(M4=0,0,(M4/F4))),"New Stock",(IF(M4=0,0,(M4/F4)))) -> New Stock | O4: =IF(N4>=30%,N4,"-") -> New Stock | P4: =IF(N4<=-30%,N4,"-") -> -
A5: A010-1 | B5: AOY003 | C5: 90174-T0004 | D5: NUT WELD | E5: 500 | F5: =SUMIF(#REF!,B5,#REF!) -> #REF! | G5: =SUMIF(#REF!,B5,#REF!) -> #REF! | H5: =SUMIF(#REF!,B5,#REF!)*-1 -> #REF! | I5: =SUMIF('BOM_Sub Assy'!C:C,B5,'BOM_Sub Assy'!G:G)*-1 -> -20 | J5: =SUMIF(BOM_FG!C:C,B5,BOM_FG!G:G)*-1 -> -87 | K5: =SUM(F5:J5) -> #REF! | M5: =K5-F5 -> #REF! | N5: =IF(ISERROR(IF(M5=0,0,(M5/F5))),"New Stock",(IF(M5=0,0,(M5/F5)))) -> New Stock | O5: =IF(N5>=30%,N5,"-") -> New Stock | P5: =IF(N5<=-30%,N5,"-") -> -
A6: A010-1 | B6: AOY004 | C6: 90174-08039 | D6: NUT WELD | E6: 2000 | F6: =SUMIF(#REF!,B6,#REF!) -> #REF! | G6: =SUMIF(#REF!,B6,#REF!) -> #REF! | H6: =SUMIF(#REF!,B6,#REF!)*-1 -> #REF! | I6: =SUMIF('BOM_Sub Assy'!C:C,B6,'BOM_Sub Assy'!G:G)*-1 -> 0 | J6: =SUMIF(BOM_FG!C:C,B6,BOM_FG!G:G)*-1 -> 0 | K6: =SUM(F6:J6) -> #REF! | M6: =K6-F6 -> #REF! | N6: =IF(ISERROR(IF(M6=0,0,(M6/F6))),"New Stock",(IF(M6=0,0,(M6/F6)))) -> New Stock | O6: =IF(N6>=30%,N6,"-") -> New Stock | P6: =IF(N6<=-30%,N6,"-") -> -
A7: B001-1 | B7: BTS010 | C7: 71897-X7A01 | D7: HOOK SEAT COVER SIDE | E7: 500 | F7: =SUMIF(#REF!,B7,#REF!) -> #REF! | G7: =SUMIF(#REF!,B7,#REF!) -> #REF! | H7: =SUMIF(#REF!,B7,#REF!)*-1 -> #REF! | I7: =SUMIF('BOM_Sub Assy'!C:C,B7,'BOM_Sub Assy'!G:G)*-1 -> 0 | J7: =SUMIF(BOM_FG!C:C,B7,BOM_FG!G:G)*-1 -> -13 | K7: =SUM(F7:J7) -> #REF! | M7: =K7-F7 -> #REF! | N7: =IF(ISERROR(IF(M7=0,0,(M7/F7))),"New Stock",(IF(M7=0,0,(M7/F7)))) -> New Stock | O7: =IF(N7>=30%,N7,"-") -> New Stock | P7: =IF(N7<=-30%,N7,"-") -> -
A8: B001-1 | B8: BTS011 | C8: 72558-X7A00 | D8: STOPPER RECLINING | E8: 200 | F8: =SUMIF(#REF!,B8,#REF!) -> #REF! | G8: =SUMIF(#REF!,B8,#REF!) -> #REF! | H8: =SUMIF(#REF!,B8,#REF!)*-1 -> #REF! | I8: =SUMIF('BOM_Sub Assy'!C:C,B8,'BOM_Sub Assy'!G:G)*-1 -> 0 | J8: =SUMIF(BOM_FG!C:C,B8,BOM_FG!G:G)*-1 -> -15 | K8: =SUM(F8:J8) -> #REF! | M8: =K8-F8 -> #REF! | N8: =IF(ISERROR(IF(M8=0,0,(M8/F8))),"New Stock",(IF(M8=0,0,(M8/F8)))) -> New Stock | O8: =IF(N8>=30%,N8,"-") -> New Stock | P8: =IF(N8<=-30%,N8,"-") -> -
A9: B001-1 | B9: BTS012 | C9: 72558-X7A01 | D9: STOPPER RECLINING | E9: 200 | F9: =SUMIF(#REF!,B9,#REF!) -> #REF! | G9: =SUMIF(#REF!,B9,#REF!) -> #REF! | H9: =SUMIF(#REF!,B9,#REF!)*-1 -> #REF! | I9: =SUMIF('BOM_Sub Assy'!C:C,B9,'BOM_Sub Assy'!G:G)*-1 -> 0 | J9: =SUMIF(BOM_FG!C:C,B9,BOM_FG!G:G)*-1 -> -3 | K9: =SUM(F9:J9) -> #REF! | M9: =K9-F9 -> #REF! | N9: =IF(ISERROR(IF(M9=0,0,(M9/F9))),"New Stock",(IF(M9=0,0,(M9/F9)))) -> New Stock | O9: =IF(N9>=30%,N9,"-") -> New Stock | P9: =IF(N9<=-30%,N9,"-") -> -
A10: B001-1 | B10: BTS013 | C10: 72777-X7A00 | D10: PLATE RR SEAT RECLINING BRACKET | E10: 400 | F10: =SUMIF(#REF!,B10,#REF!) -> #REF! | G10: =SUMIF(#REF!,B10,#REF!) -> #REF! | H10: =SUMIF(#REF!,B10,#REF!)*-1 -> #REF! | I10: =SUMIF('BOM_Sub Assy'!C:C,B10,'BOM_Sub Assy'!G:G)*-1 -> 0 | J10: =SUMIF(BOM_FG!C:C,B10,BOM_FG!G:G)*-1 -> -1 | K10: =SUM(F10:J10) -> #REF! | M10: =K10-F10 -> #REF! | N10: =IF(ISERROR(IF(M10=0,0,(M10/F10))),"New Stock",(IF(M10=0,0,(M10/F10)))) -> New Stock | O10: =IF(N10>=30%,N10,"-") -> New Stock | P10: =IF(N10<=-30%,N10,"-") -> -
A11: B001-1 | B11: BTS014 | C11: 72777-X7A01 | D11: PLATE RR SEAT RECLINING BRACKET | E11: 400 | F11: =SUMIF(#REF!,B11,#REF!) -> #REF! | G11: =SUMIF(#REF!,B11,#REF!) -> #REF! | H11: =SUMIF(#REF!,B11,#REF!)*-1 -> #REF! | I11: =SUMIF('BOM_Sub Assy'!C:C,B11,'BOM_Sub Assy'!G:G)*-1 -> 0 | J11: =SUMIF(BOM_FG!C:C,B11,BOM_FG!G:G)*-1 -> -2 | K11: =SUM(F11:J11) -> #REF! | M11: =K11-F11 -> #REF! | N11: =IF(ISERROR(IF(M11=0,0,(M11/F11))),"New Stock",(IF(M11=0,0,(M11/F11)))) -> New Stock | O11: =IF(N11>=30%,N11,"-") -> New Stock | P11: =IF(N11<=-30%,N11,"-") -> -
A12: B001-1 | B12: BTS015 | C12: 72441-X7A00 | D12: LINK VERTICAL TRAVEL NO1 | E12: 100 | F12: =SUMIF(#REF!,B12,#REF!) -> #REF! | G12: =SUMIF(#REF!,B12,#REF!) -> #REF! | H12: =SUMIF(#REF!,B12,#REF!)*-1 -> #REF! | I12: =SUMIF('BOM_Sub Assy'!C:C,B12,'BOM_Sub Assy'!G:G)*-1 -> 0 | J12: =SUMIF(BOM_FG!C:C,B12,BOM_FG!G:G)*-1 -> -4 | K12: =SUM(F12:J12) -> #REF! | M12: =K12-F12 -> #REF! | N12: =IF(ISERROR(IF(M12=0,0,(M12/F12))),"New Stock",(IF(M12=0,0,(M12/F12)))) -> New Stock | O12: =IF(N12>=30%,N12,"-") -> New Stock | P12: =IF(N12<=-30%,N12,"-") -> -
A13: B001-1 | B13: BTS016 | C13: 72291-X7A00 | D13: PLATE SEAT TRACK MEMORY NO1 | E13: 200 | F13: =SUMIF(#REF!,B13,#REF!) -> #REF! | G13: =SUMIF(#REF!,B13,#REF!) -> #REF! | H13: =SUMIF(#REF!,B13,#REF!)*-1 -> #REF! | I13: =SUMIF('BOM_Sub Assy'!C:C,B13,'BOM_Sub Assy'!G:G)*-1 -> -2 | J13: =SUMIF(BOM_FG!C:C,B13,BOM_FG!G:G)*-1 -> -2 | K13: =SUM(F13:J13) -> #REF! | M13: =K13-F13 -> #REF! | N13: =IF(ISERROR(IF(M13=0,0,(M13/F13))),"New Stock",(IF(M13=0,0,(M13/F13)))) -> New Stock | O13: =IF(N13>=30%,N13,"-") -> New Stock | P13: =IF(N13<=-30%,N13,"-") -> -
A14: B001-1 | B14: BTS017 | C14: 72291-X7A02 | D14: PLATE SEAT TRACK MEMORY NO1 | E14: 1000 | F14: =SUMIF(#REF!,B14,#REF!) -> #REF! | G14: =SUMIF(#REF!,B14,#REF!) -> #REF! | H14: =SUMIF(#REF!,B14,#REF!)*-1 -> #REF! | I14: =SUMIF('BOM_Sub Assy'!C:C,B14,'BOM_Sub Assy'!G:G)*-1 -> -1 | J14: =SUMIF(BOM_FG!C:C,B14,BOM_FG!G:G)*-1 -> -2 | K14: =SUM(F14:J14) -> #REF! | M14: =K14-F14 -> #REF! | N14: =IF(ISERROR(IF(M14=0,0,(M14/F14))),"New Stock",(IF(M14=0,0,(M14/F14)))) -> New Stock | O14: =IF(N14>=30%,N14,"-") -> New Stock | P14: =IF(N14<=-30%,N14,"-") -> -
